sigla_uf,ano,dias_no_ano,dias_validos,estacoes_validas,pct_cobertura
AC,2015,365,365,7,100.0
AC,2016,366,366,7,100.0
AC,2017,365,365,7,100.0
AC,2018,365,365,7,100.0
AC,2019,365,365,7,100.0
AC,2020,366,366,7,100.0
AC,2021,365,357,3,97.8
AC,2022,365,356,2,97.5
AC,2023,365,365,5,100.0
AC,2024,366,366,4,100.0
AC,2025,365,365,4,100.0
AC,2026,152,152,4,100.0
AL,2015,365,365,6,100.0
AL,2016,366,366,6,100.0
AL,2017,365,365,7,100.0
AL,2018,365,365,7,100.0
AL,2019,365,365,7,100.0
AL,2020,366,366,7,100.0
AL,2021,365,365,5,100.0
AL,2022,365,365,6,100.0
AL,2023,365,365,7,100.0
AL,2024,366,366,7,100.0
AL,2025,365,365,6,100.0
AL,2026,152,152,5,100.0
AM,2015,365,365,18,100.0
AM,2016,366,366,18,100.0
AM,2017,365,365,21,100.0
AM,2018,365,365,21,100.0
AM,2019,365,365,19,100.0
AM,2020,366,366,16,100.0
AM,2021,365,365,8,100.0
AM,2022,365,365,18,100.0
AM,2023,365,365,18,100.0
AM,2024,366,366,17,100.0
AM,2025,365,365,13,100.0
AM,2026,152,152,9,100.0
AP,2015,365,290,2,79.5
AP,2016,366,366,2,100.0
AP,2017,365,308,3,84.4
AP,2018,365,365,3,100.0
AP,2019,365,365,4,100.0
AP,2020,366,366,2,100.0
AP,2021,365,162,2,44.4
AP,2022,365,274,4,75.1
AP,2023,365,365,4,100.0
AP,2024,366,366,4,100.0
AP,2025,365,365,3,100.0
AP,2026,152,152,3,100.0
BA,2015,365,365,42,100.0
BA,2016,366,366,46,100.0
BA,2017,365,365,46,100.0
BA,2018,365,365,48,100.0
BA,2019,365,365,47,100.0
BA,2020,366,366,46,100.0
BA,2021,365,365,37,100.0
BA,2022,365,365,41,100.0
BA,2023,365,365,43,100.0
BA,2024,366,366,44,100.0
BA,2025,365,365,27,100.0
BA,2026,152,152,21,100.0
CE,2015,365,365,14,100.0
CE,2016,366,366,14,100.0
CE,2017,365,365,14,100.0
CE,2018,365,365,16,100.0
CE,2019,365,365,16,100.0
CE,2020,366,366,14,100.0
CE,2021,365,365,9,100.0
CE,2022,365,365,14,100.0
CE,2023,365,365,16,100.0
CE,2024,366,366,15,100.0
CE,2025,365,365,5,100.0
CE,2026,152,152,3,100.0
DF,2015,365,365,3,100.0
DF,2016,366,366,3,100.0
DF,2017,365,365,5,100.0
DF,2018,365,365,5,100.0
DF,2019,365,365,5,100.0
DF,2020,366,366,5,100.0
DF,2021,365,365,5,100.0
DF,2022,365,365,5,100.0
DF,2023,365,365,5,100.0
DF,2024,366,366,5,100.0
DF,2025,365,365,5,100.0
DF,2026,152,152,5,100.0
ES,2015,365,365,9,100.0
ES,2016,366,366,9,100.0
ES,2017,365,365,13,100.0
ES,2018,365,365,13,100.0
ES,2019,365,365,13,100.0
ES,2020,366,366,13,100.0
ES,2021,365,365,13,100.0
ES,2022,365,365,13,100.0
ES,2023,365,365,12,100.0
ES,2024,366,366,12,100.0
ES,2025,365,365,11,100.0
ES,2026,152,152,11,100.0
GO,2015,365,365,22,100.0
GO,2016,366,366,22,100.0
GO,2017,365,365,24,100.0
GO,2018,365,365,26,100.0
GO,2019,365,365,26,100.0
GO,2020,366,366,24,100.0
GO,2021,365,365,26,100.0
GO,2022,365,365,26,100.0
GO,2023,365,365,26,100.0
GO,2024,366,366,26,100.0
GO,2025,365,365,25,100.0
GO,2026,152,152,25,100.0
MA,2015,365,365,16,100.0
MA,2016,366,366,16,100.0
MA,2017,365,365,17,100.0
MA,2018,365,365,17,100.0
MA,2019,365,365,17,100.0
MA,2020,366,366,16,100.0
MA,2021,365,365,10,100.0
MA,2022,365,365,16,100.0
MA,2023,365,365,16,100.0
MA,2024,366,366,16,100.0
MA,2025,365,365,14,100.0
MA,2026,152,152,10,100.0
MG,2015,365,365,56,100.0
MG,2016,366,366,60,100.0
MG,2017,365,365,67,100.0
MG,2018,365,365,67,100.0
MG,2019,365,365,67,100.0
MG,2020,366,366,66,100.0
MG,2021,365,365,67,100.0
MG,2022,365,365,68,100.0
MG,2023,365,365,68,100.0
MG,2024,366,366,68,100.0
MG,2025,365,365,68,100.0
MG,2026,152,152,62,100.0
MS,2015,365,365,28,100.0
MS,2016,366,366,28,100.0
MS,2017,365,365,28,100.0
MS,2018,365,365,45,100.0
MS,2019,365,365,44,100.0
MS,2020,366,366,39,100.0
MS,2021,365,365,33,100.0
MS,2022,365,365,26,100.0
MS,2023,365,365,27,100.0
MS,2024,366,366,27,100.0
MS,2025,365,365,27,100.0
MS,2026,152,152,26,100.0
MT,2015,365,365,34,100.0
MT,2016,366,366,34,100.0
MT,2017,365,365,36,100.0
MT,2018,365,365,36,100.0
MT,2019,365,365,39,100.0
MT,2020,366,366,37,100.0
MT,2021,365,365,16,100.0
MT,2022,365,365,37,100.0
MT,2023,365,365,37,100.0
MT,2024,366,366,36,100.0
MT,2025,365,365,30,100.0
MT,2026,152,152,47,100.0
PA,2015,365,365,24,100.0
PA,2016,366,366,27,100.0
PA,2017,365,365,30,100.0
PA,2018,365,365,32,100.0
PA,2019,365,365,31,100.0
PA,2020,366,366,30,100.0
PA,2021,365,365,22,100.0
PA,2022,365,365,28,100.0
PA,2023,365,365,25,100.0
PA,2024,366,366,28,100.0
PA,2025,365,365,29,100.0
PA,2026,152,152,23,100.0
PB,2015,365,365,8,100.0
PB,2016,366,366,8,100.0
PB,2017,365,365,9,100.0
PB,2018,365,365,9,100.0
PB,2019,365,365,9,100.0
PB,2020,366,366,8,100.0
PB,2021,365,365,8,100.0
PB,2022,365,365,7,100.0
PB,2023,365,365,9,100.0
PB,2024,366,366,9,100.0
PB,2025,365,365,8,100.0
PB,2026,152,152,6,100.0
PE,2015,365,365,12,100.0
PE,2016,366,366,12,100.0
PE,2017,365,365,13,100.0
PE,2018,365,365,13,100.0
PE,2019,365,365,13,100.0
PE,2020,366,366,13,100.0
PE,2021,365,365,10,100.0
PE,2022,365,365,11,100.0
PE,2023,365,365,12,100.0
PE,2024,366,366,12,100.0
PE,2025,365,365,11,100.0
PE,2026,152,152,10,100.0
PI,2015,365,365,19,100.0
PI,2016,366,366,19,100.0
PI,2017,365,365,19,100.0
PI,2018,365,365,21,100.0
PI,2019,365,365,21,100.0
PI,2020,366,366,19,100.0
PI,2021,365,365,12,100.0
PI,2022,365,365,20,100.0
PI,2023,365,365,20,100.0
PI,2024,366,366,20,100.0
PI,2025,365,365,15,100.0
PI,2026,152,152,9,100.0
PR,2015,365,365,23,100.0
PR,2016,366,366,26,100.0
PR,2017,365,365,26,100.0
PR,2018,365,365,26,100.0
PR,2019,365,365,26,100.0
PR,2020,366,366,25,100.0
PR,2021,365,365,19,100.0
PR,2022,365,365,24,100.0
PR,2023,365,365,26,100.0
PR,2024,366,366,25,100.0
PR,2025,365,365,23,100.0
PR,2026,152,152,19,100.0
RJ,2015,365,365,18,100.0
RJ,2016,366,366,20,100.0
RJ,2017,365,365,23,100.0
RJ,2018,365,365,26,100.0
RJ,2019,365,365,26,100.0
RJ,2020,366,366,26,100.0
RJ,2021,365,365,26,100.0
RJ,2022,365,365,26,100.0
RJ,2023,365,365,26,100.0
RJ,2024,366,366,26,100.0
RJ,2025,365,365,26,100.0
RJ,2026,152,152,25,100.0
RN,2015,365,365,7,100.0
RN,2016,366,366,7,100.0
RN,2017,365,365,8,100.0
RN,2018,365,365,9,100.0
RN,2019,365,365,9,100.0
RN,2020,366,366,7,100.0
RN,2021,365,139,1,38.1
RN,2022,365,249,6,68.2
RN,2023,365,365,7,100.0
RN,2024,366,366,8,100.0
RN,2025,365,365,7,100.0
RN,2026,152,152,4,100.0
RO,2015,365,365,4,100.0
RO,2016,366,366,4,100.0
RO,2017,365,365,6,100.0
RO,2018,365,365,7,100.0
RO,2019,365,365,4,100.0
RO,2020,366,366,3,100.0
RO,2021,365,364,2,99.7
RO,2022,365,365,2,100.0
RO,2023,365,237,4,64.9
RO,2024,366,366,4,100.0
RO,2025,365,364,3,99.7
RO,2026,152,152,1,100.0
RR,2015,365,365,1,100.0
RR,2016,366,322,1,88.0
RR,2017,365,362,3,99.2
RR,2018,365,359,3,98.4
RR,2019,365,365,1,100.0
RR,2020,366,256,1,69.9
RR,2021,365,0,0,0.0
RR,2022,365,277,1,75.9
RR,2023,365,271,1,74.2
RR,2024,366,245,1,66.9
RR,2025,365,90,1,24.7
RR,2026,152,0,0,0.0
RS,2015,365,365,37,100.0
RS,2016,366,366,42,100.0
RS,2017,365,365,42,100.0
RS,2018,365,365,43,100.0
RS,2019,365,365,44,100.0
RS,2020,366,366,44,100.0
RS,2021,365,365,43,100.0
RS,2022,365,365,45,100.0
RS,2023,365,365,45,100.0
RS,2024,366,366,44,100.0
RS,2025,365,365,67,100.0
RS,2026,152,152,93,100.0
SC,2015,365,365,21,100.0
SC,2016,366,366,22,100.0
SC,2017,365,365,22,100.0
SC,2018,365,365,22,100.0
SC,2019,365,365,24,100.0
SC,2020,366,366,24,100.0
SC,2021,365,365,23,100.0
SC,2022,365,365,24,100.0
SC,2023,365,365,24,100.0
SC,2024,366,366,24,100.0
SC,2025,365,365,19,100.0
SC,2026,152,152,13,100.0
SE,2015,365,365,5,100.0
SE,2016,366,366,5,100.0
SE,2017,365,365,7,100.0
SE,2018,365,365,7,100.0
SE,2019,365,365,7,100.0
SE,2020,366,366,7,100.0
SE,2021,365,365,6,100.0
SE,2022,365,288,5,78.9
SE,2023,365,365,5,100.0
SE,2024,366,366,4,100.0
SE,2025,365,365,4,100.0
SE,2026,152,140,2,92.1
SP,2015,365,365,31,100.0
SP,2016,366,366,33,100.0
SP,2017,365,365,40,100.0
SP,2018,365,365,41,100.0
SP,2019,365,365,42,100.0
SP,2020,366,366,40,100.0
SP,2021,365,365,29,100.0
SP,2022,365,365,38,100.0
SP,2023,365,365,40,100.0
SP,2024,366,366,40,100.0
SP,2025,365,365,40,100.0
SP,2026,152,152,39,100.0
TO,2015,365,365,14,100.0
TO,2016,366,366,20,100.0
TO,2017,365,365,20,100.0
TO,2018,365,365,20,100.0
TO,2019,365,365,20,100.0
TO,2020,366,366,20,100.0
TO,2021,365,365,16,100.0
TO,2022,365,365,16,100.0
TO,2023,365,365,20,100.0
TO,2024,366,366,19,100.0
TO,2025,365,365,18,100.0
TO,2026,152,152,17,100.0
