sigla_uf,ano,mes,categoria,pontos,id_registro,n_revisoes,n_valores_distintos,pontos_vigente,descartado
AL,2014,7,S4,0.0,340,2,2,33.0,True
AL,2014,7,S4,33.0,595,2,2,33.0,False
AL,2014,9,S1,4750.0,347,3,2,4750.0,False
AL,2014,9,S1,694.0,392,3,2,4750.0,True
AL,2014,9,S1,4750.0,427,3,2,4750.0,False
AL,2014,9,S2,806.0,348,3,2,806.0,False
AL,2014,9,S2,0.0,393,3,2,806.0,True
AL,2014,9,S2,806.0,428,3,2,806.0,False
AL,2017,6,S0,10000.0,2146,2,2,2124.0,True
AL,2017,6,S0,2124.0,2166,2,2,2124.0,False
AL,2017,6,S1,1459.0,2147,2,2,880.0,True
AL,2017,6,S1,880.0,2167,2,2,880.0,False
AL,2017,6,S2,454.0,2148,2,2,3.0,True
AL,2017,6,S2,3.0,2168,2,2,3.0,False
AL,2017,7,S0,2124.0,2211,2,2,1892.0,True
AL,2017,7,S0,1892.0,2256,2,2,1892.0,False
AL,2017,7,S1,880.0,2212,2,2,713.0,True
AL,2017,7,S1,713.0,2257,2,2,713.0,False
AL,2017,7,S2,3.0,2213,2,2,0.0,True
AL,2017,7,S2,0.0,2258,2,2,0.0,False
AL,2017,8,S1,9.0,2302,2,2,98.0,True
AL,2017,8,S1,98.0,2307,2,2,98.0,False
AL,2017,9,S0,1000.0,2366,2,2,998.0,True
AL,2017,9,S0,998.0,2421,2,2,998.0,False
AL,2020,3,S1,3221.0,4277,2,2,3220.0,True
AL,2020,3,S1,3220.0,4407,2,2,3220.0,False
BA,2015,2,S1,5754.0,87,2,2,5740.0,True
BA,2015,2,S1,5740.0,477,2,2,5740.0,False
BA,2015,4,S0,9847.0,711,3,2,9847.0,False
BA,2015,4,S0,984700.0,796,3,2,9847.0,True
BA,2015,4,S0,9847.0,801,3,2,9847.0,False
BA,2015,4,S1,6650.0,712,3,2,6650.0,False
BA,2015,4,S1,665000.0,797,3,2,6650.0,True
BA,2015,4,S1,6650.0,802,3,2,6650.0,False
BA,2015,4,S2,1847.0,713,3,2,1847.0,False
BA,2015,4,S2,184700.0,798,3,2,1847.0,True
BA,2015,4,S2,1847.0,803,3,2,1847.0,False
BA,2015,4,S3,1047.0,714,3,2,1047.0,False
BA,2015,4,S3,104700.0,799,3,2,1047.0,True
BA,2015,4,S3,1047.0,804,3,2,1047.0,False
BA,2016,6,S4,0.0,1550,4,2,0.0,False
BA,2016,6,S4,0.0,1570,4,2,0.0,False
BA,2016,6,S4,123456.0,1575,4,2,0.0,True
BA,2016,6,S4,0.0,1580,4,2,0.0,False
BA,2017,4,S1,8666.0,2037,2,2,8966.0,True
BA,2017,4,S1,8966.0,2052,2,2,8966.0,False
BA,2017,6,S0,9184.0,2156,2,2,9133.0,True
BA,2017,6,S0,9133.0,2176,2,2,9133.0,False
BA,2017,6,S1,8512.0,2157,2,2,8300.0,True
BA,2017,6,S1,8300.0,2177,2,2,8300.0,False
BA,2017,6,S2,7116.0,2158,2,2,7305.0,True
BA,2017,6,S2,7305.0,2178,2,2,7305.0,False
BA,2017,6,S3,6240.0,2159,2,2,6336.0,True
BA,2017,6,S3,6336.0,2179,2,2,6336.0,False
BA,2017,6,S4,3582.0,2160,2,2,3660.0,True
BA,2017,6,S4,3660.0,2180,2,2,3660.0,False
BA,2017,7,S0,9133.0,2216,2,2,8414.0,True
BA,2017,7,S0,8414.0,2266,2,2,8414.0,False
BA,2017,7,S1,8300.0,2217,2,2,8032.0,True
BA,2017,7,S1,8032.0,2267,2,2,8032.0,False
BA,2017,7,S2,7305.0,2218,2,2,7547.0,True
BA,2017,7,S2,7547.0,2268,2,2,7547.0,False
BA,2017,7,S3,6336.0,2219,2,2,6599.0,True
BA,2017,7,S3,6599.0,2269,2,2,6599.0,False
CE,2014,11,S0,9995.0,141,2,2,10000.0,True
CE,2014,11,S0,10000.0,171,2,2,10000.0,False
CE,2014,11,S1,9986.0,142,2,2,10000.0,True
CE,2014,11,S1,10000.0,172,2,2,10000.0,False
CE,2014,11,S2,9660.0,143,2,2,9668.0,True
CE,2014,11,S2,9668.0,173,2,2,9668.0,False
CE,2014,11,S3,7563.0,144,2,2,7537.0,True
CE,2014,11,S3,7537.0,174,2,2,7537.0,False
CE,2014,11,S4,2276.0,145,2,2,2268.0,True
CE,2014,11,S4,2268.0,175,2,2,2268.0,False
CE,2015,2,S4,1776.0,95,2,2,1376.0,True
CE,2015,2,S4,1376.0,155,2,2,1376.0,False
CE,2017,7,S0,6375.0,2196,2,2,7200.0,True
CE,2017,7,S0,7200.0,2241,2,2,7200.0,False
CE,2017,7,S1,5005.0,2197,2,2,5047.0,True
CE,2017,7,S1,5047.0,2242,2,2,5047.0,False
CE,2017,8,S4,52.0,2295,2,2,528.0,True
CE,2017,8,S4,528.0,2315,2,2,528.0,False
CE,2017,9,S0,9998.0,2351,2,2,10000.0,True
CE,2017,9,S0,10000.0,2406,2,2,10000.0,False
CE,2017,9,S2,5173.0,2353,2,2,5172.0,True
CE,2017,9,S2,5172.0,2408,2,2,5172.0,False
CE,2017,9,S3,3366.0,2354,2,2,3363.0,True
CE,2017,9,S3,3363.0,2409,2,2,3363.0,False
CE,2017,9,S4,1061.0,2355,2,2,1075.0,True
CE,2017,9,S4,1075.0,2410,2,2,1075.0,False
CE,2020,2,S0,6829.0,4271,2,2,6830.0,True
CE,2020,2,S0,6830.0,4356,2,2,6830.0,False
CE,2020,2,S1,5796.0,4272,2,2,5797.0,True
CE,2020,2,S1,5797.0,4357,2,2,5797.0,False
CE,2020,3,S0,6116.0,4286,4,2,6114.0,True
CE,2020,3,S0,6114.0,4411,4,2,6114.0,False
CE,2020,3,S0,6114.0,4416,4,2,6114.0,False
CE,2020,3,S0,6114.0,4421,4,2,6114.0,False
DF,2021,12,S0,486.0,6741,2,2,0.0,True
DF,2021,12,S0,0.0,6796,2,2,0.0,False
GO,2021,12,S0,8056.0,6736,2,2,8038.0,True
GO,2021,12,S0,8038.0,6801,2,2,8038.0,False
MA,2017,6,S0,4381.0,2126,3,2,4381.0,False
MA,2017,6,S0,850.0,2161,3,2,4381.0,True
MA,2017,6,S0,4381.0,2181,3,2,4381.0,False
MA,2017,6,S1,293.0,2127,3,2,293.0,False
MA,2017,6,S1,213.0,2162,3,2,293.0,True
MA,2017,6,S1,293.0,2182,3,2,293.0,False
MA,2017,7,S0,4381.0,2221,2,2,5048.0,True
MA,2017,7,S0,5048.0,2271,2,2,5048.0,False
MA,2017,9,S0,9996.0,2341,3,2,10000.0,True
MA,2017,9,S0,10000.0,2431,3,2,10000.0,False
MA,2017,9,S0,10000.0,2441,3,2,10000.0,False
MA,2017,9,S1,8859.0,2342,3,2,8862.0,True
MA,2017,9,S1,8862.0,2432,3,2,8862.0,False
MA,2017,9,S1,8862.0,2442,3,2,8862.0,False
MA,2017,9,S2,1662.0,2343,3,2,1663.0,True
MA,2017,9,S2,1663.0,2433,3,2,1663.0,False
MA,2017,9,S2,1663.0,2443,3,2,1663.0,False
MA,2018,3,S2,72.0,2778,2,2,7.0,True
MA,2018,3,S2,7.0,2818,2,2,7.0,False
MG,2021,12,S0,5325.0,6721,2,2,5324.0,True
MG,2021,12,S0,5324.0,6806,2,2,5324.0,False
PB,2014,9,S1,4750.0,302,2,2,7953.0,True
PB,2014,9,S1,7953.0,587,2,2,7953.0,False
PB,2014,9,S2,806.0,303,2,2,2702.0,True
PB,2014,9,S2,2702.0,588,2,2,2702.0,False
PB,2014,9,S3,0.0,304,2,2,276.0,True
PB,2014,9,S3,276.0,589,2,2,276.0,False
PB,2017,7,S0,10000.0,2206,2,2,9593.0,True
PB,2017,7,S0,9593.0,2251,2,2,9593.0,False
PB,2017,7,S1,8624.0,2207,2,2,8533.0,True
PB,2017,7,S1,8533.0,2252,2,2,8533.0,False
PB,2017,7,S2,8297.0,2208,2,2,8270.0,True
PB,2017,7,S2,8270.0,2253,2,2,8270.0,False
PB,2017,7,S3,4722.0,2209,2,2,4512.0,True
PB,2017,7,S3,4512.0,2254,2,2,4512.0,False
PB,2017,7,S4,2641.0,2210,2,2,0.0,True
PB,2017,7,S4,0.0,2255,2,2,0.0,False
PB,2017,9,S2,8193.0,2363,2,2,8194.0,True
PB,2017,9,S2,8194.0,2418,2,2,8194.0,False
PB,2017,9,S3,7105.0,2364,2,2,7104.0,True
PB,2017,9,S3,7104.0,2419,2,2,7104.0,False
PE,2014,12,S1,6025.0,67,2,2,8780.0,True
PE,2014,12,S1,8780.0,567,2,2,8780.0,False
PE,2014,12,S2,4220.0,68,2,2,7895.0,True
PE,2014,12,S2,7895.0,568,2,2,7895.0,False
PE,2014,12,S3,1933.0,69,2,2,5806.0,True
PE,2014,12,S3,5806.0,569,2,2,5806.0,False
PE,2014,12,S4,583.0,70,2,2,2517.0,True
PE,2014,12,S4,2517.0,570,2,2,2517.0,False
PE,2015,12,S0,10000.0,1111,2,2,9998.0,True
PE,2015,12,S0,9998.0,1121,2,2,9998.0,False
PE,2016,7,S0,10000.0,1391,2,2,9998.0,True
PE,2016,7,S0,9998.0,1416,2,2,9998.0,False
PE,2016,7,S1,9622.0,1392,2,2,9561.0,True
PE,2016,7,S1,9561.0,1417,2,2,9561.0,False
PE,2016,7,S2,8780.0,1393,2,2,9013.0,True
PE,2016,7,S2,9013.0,1418,2,2,9013.0,False
PE,2016,7,S3,8234.0,1394,2,2,8564.0,True
PE,2016,7,S3,8564.0,1419,2,2,8564.0,False
PE,2016,7,S4,2928.0,1395,2,2,1130.0,True
PE,2016,7,S4,1130.0,1420,2,2,1130.0,False
PE,2016,8,S0,10000.0,1506,2,2,9998.0,True
PE,2016,8,S0,9998.0,1531,2,2,9998.0,False
PE,2016,8,S1,9883.0,1507,2,2,9784.0,True
PE,2016,8,S1,9784.0,1532,2,2,9784.0,False
PE,2016,8,S2,8929.0,1508,2,2,9370.0,True
PE,2016,8,S2,9370.0,1533,2,2,9370.0,False
PE,2016,8,S3,8612.0,1509,2,2,8591.0,True
PE,2016,8,S3,8591.0,1534,2,2,8591.0,False
PE,2016,8,S4,3512.0,1510,2,2,4304.0,True
PE,2016,8,S4,4304.0,1535,2,2,4304.0,False
PE,2016,9,S2,9867.0,1603,2,2,9770.0,True
PE,2016,9,S2,9770.0,1628,2,2,9770.0,False
PE,2016,9,S3,8945.0,1604,2,2,9355.0,True
PE,2016,9,S3,9355.0,1629,2,2,9355.0,False
PE,2016,9,S4,6738.0,1605,2,2,5990.0,True
PE,2016,9,S4,5990.0,1630,2,2,5990.0,False
PE,2017,7,S0,9373.0,2226,2,2,8788.0,True
PE,2017,7,S0,8788.0,2276,2,2,8788.0,False
PE,2017,7,S1,7838.0,2227,2,2,7578.0,True
PE,2017,7,S1,7578.0,2277,2,2,7578.0,False
PE,2017,7,S2,7082.0,2228,2,2,6864.0,True
PE,2017,7,S2,6864.0,2278,2,2,6864.0,False
PE,2017,7,S3,4282.0,2229,2,2,4076.0,True
PE,2017,7,S3,4076.0,2279,2,2,4076.0,False
PE,2017,7,S4,3059.0,2230,2,2,2757.0,True
PE,2017,7,S4,2757.0,2280,2,2,2757.0,False
PE,2017,9,S0,9254.0,2381,2,2,9250.0,True
PE,2017,9,S0,9250.0,2436,2,2,9250.0,False
PE,2017,9,S1,7985.0,2382,2,2,7983.0,True
PE,2017,9,S1,7983.0,2437,2,2,7983.0,False
PE,2017,9,S3,5099.0,2384,2,2,5102.0,True
PE,2017,9,S3,5102.0,2439,2,2,5102.0,False
PE,2017,9,S4,3042.0,2385,2,2,3022.0,True
PE,2017,9,S4,3022.0,2440,2,2,3022.0,False
PE,2018,5,S0,9226.0,2911,3,2,9227.0,True
PE,2018,5,S0,9227.0,2916,3,2,9227.0,False
PE,2018,5,S0,9227.0,2921,3,2,9227.0,False
PE,2021,10,S0,10000.0,6431,2,2,9353.0,True
PE,2021,10,S0,9353.0,6531,2,2,9353.0,False
PE,2021,10,S1,6638.0,6432,2,2,7572.0,True
PE,2021,10,S1,7572.0,6532,2,2,7572.0,False
PE,2021,10,S2,2720.0,6433,2,2,685.0,True
PE,2021,10,S2,685.0,6533,2,2,685.0,False
PI,2015,5,S1,9900.0,727,3,2,9900.0,False
PI,2015,5,S1,99.0,737,3,2,9900.0,True
PI,2015,5,S1,9900.0,782,3,2,9900.0,False
PI,2015,5,S2,9115.0,728,3,2,6949.0,True
PI,2015,5,S2,6949.0,738,3,2,6949.0,False
PI,2015,5,S2,6949.0,783,3,2,6949.0,False
PI,2015,11,S4,4858.0,1015,3,2,4658.0,True
PI,2015,11,S4,4658.0,1020,3,2,4658.0,False
PI,2015,11,S4,4658.0,1025,3,2,4658.0,False
PI,2017,7,S0,8573.0,2191,2,2,8742.0,True
PI,2017,7,S0,8742.0,2236,2,2,8742.0,False
PI,2017,7,S2,5753.0,2193,2,2,6002.0,True
PI,2017,7,S2,6002.0,2238,2,2,6002.0,False
PI,2017,9,S0,9999.0,2346,2,2,10000.0,True
PI,2017,9,S0,10000.0,2401,2,2,10000.0,False
PI,2017,9,S1,9845.0,2347,2,2,9846.0,True
PI,2017,9,S1,9846.0,2402,2,2,9846.0,False
PI,2017,9,S2,8599.0,2348,2,2,8598.0,True
PI,2017,9,S2,8598.0,2403,2,2,8598.0,False
PI,2017,9,S3,6531.0,2349,2,2,6530.0,True
PI,2017,9,S3,6530.0,2404,2,2,6530.0,False
PI,2017,9,S4,3842.0,2350,2,2,3841.0,True
PI,2017,9,S4,3841.0,2405,2,2,3841.0,False
PI,2018,2,S0,9555.0,2691,3,2,9777.0,True
PI,2018,2,S0,9777.0,2696,3,2,9777.0,False
PI,2018,2,S0,9777.0,2701,3,2,9777.0,False
PI,2018,2,S1,8050.0,2692,3,2,9440.0,True
PI,2018,2,S1,9440.0,2697,3,2,9440.0,False
PI,2018,2,S1,9440.0,2702,3,2,9440.0,False
PI,2018,2,S2,7430.0,2693,3,2,7864.0,True
PI,2018,2,S2,7864.0,2698,3,2,7864.0,False
PI,2018,2,S2,7864.0,2703,3,2,7864.0,False
PI,2018,2,S3,6302.0,2694,3,2,2612.0,True
PI,2018,2,S3,2612.0,2699,3,2,2612.0,False
PI,2018,2,S3,2612.0,2704,3,2,2612.0,False
PI,2018,2,S4,5220.0,2695,3,2,758.0,True
PI,2018,2,S4,758.0,2700,3,2,758.0,False
PI,2018,2,S4,758.0,2705,3,2,758.0,False
RN,2015,4,S0,9203.0,636,3,2,9124.0,True
RN,2015,4,S0,9124.0,641,3,2,9124.0,False
RN,2015,4,S0,9124.0,691,3,2,9124.0,False
RN,2015,4,S1,7768.0,637,3,2,6650.0,True
RN,2015,4,S1,6650.0,642,3,2,6650.0,False
RN,2015,4,S1,6650.0,692,3,2,6650.0,False
RN,2015,4,S2,7003.0,638,3,2,5838.0,True
RN,2015,4,S2,5838.0,643,3,2,5838.0,False
RN,2015,4,S2,5838.0,693,3,2,5838.0,False
RN,2015,4,S3,5772.0,639,3,2,4561.0,True
RN,2015,4,S3,4561.0,644,3,2,4561.0,False
RN,2015,4,S3,4561.0,694,3,2,4561.0,False
RN,2015,4,S4,1124.0,640,3,2,551.0,True
RN,2015,4,S4,551.0,645,3,2,551.0,False
RN,2015,4,S4,551.0,695,3,2,551.0,False
RN,2017,7,S1,9983.0,2202,2,2,8965.0,True
RN,2017,7,S1,8965.0,2247,2,2,8965.0,False
RN,2017,7,S2,9221.0,2203,2,2,7884.0,True
RN,2017,7,S2,7884.0,2248,2,2,7884.0,False
RN,2017,7,S3,5988.0,2204,2,2,4832.0,True
RN,2017,7,S3,4832.0,2249,2,2,4832.0,False
RN,2017,7,S4,1666.0,2205,2,2,0.0,True
RN,2017,7,S4,0.0,2250,2,2,0.0,False
RN,2017,9,S0,9996.0,2356,2,2,10000.0,True
RN,2017,9,S0,10000.0,2411,2,2,10000.0,False
RN,2017,9,S1,9111.0,2357,2,2,9114.0,True
RN,2017,9,S1,9114.0,2412,2,2,9114.0,False
RN,2017,9,S2,8586.0,2358,2,2,8588.0,True
RN,2017,9,S2,8588.0,2413,2,2,8588.0,False
RN,2017,9,S3,6986.0,2359,2,2,6990.0,True
RN,2017,9,S3,6990.0,2414,2,2,6990.0,False
SE,2017,6,S0,2621.0,2121,3,2,2621.0,False
SE,2017,6,S0,10000.0,2151,3,2,2621.0,True
SE,2017,6,S0,2621.0,2171,3,2,2621.0,False
SE,2017,6,S1,211.0,2122,3,2,211.0,False
SE,2017,6,S1,1232.0,2152,3,2,211.0,True
SE,2017,6,S1,211.0,2172,3,2,211.0,False
SE,2017,6,S2,0.0,2123,3,2,0.0,False
SE,2017,6,S2,16.0,2153,3,2,0.0,True
SE,2017,6,S2,0.0,2173,3,2,0.0,False
SE,2017,9,S0,84.0,2371,2,2,88.0,True
SE,2017,9,S0,88.0,2426,2,2,88.0,False
