codigo_estacao,nome,sigla_uf,regiao_inmet,lat,lon,altitude,ano_primeiro,ano_ultimo,n_anos,data_fundacao
A102,PARQUE ESTADUAL CHANDLESS,AC,N,-9.35833333,-69.92638888,184.51,2014,2026,13,2008-08-05
A104,RIO BRANCO,AC,N,-9.95916666,-67.86888888,163.0,2014,2026,13,2008-07-11
A108,CRUZEIRO DO SUL,AC,N,-7.61055555,-72.6811111,220.0,2015,2026,12,2015-05-14
A136,PORTO WALTER,AC,N,-8.26722221,-72.74777777,205.35,2014,2026,13,2009-10-29
A137,MARECHAL THAUMATURGO,AC,N,-8.95,-72.78666666,220.98,2014,2025,12,2009-10-27
A138,FEIJO,AC,N,-8.14277777,-70.3436111,157.17,2014,2026,13,2009-09-24
A140,EPITACIOLANDIA,AC,N,-11.02388888,-68.73527777,224.5,2014,2026,13,2009-09-25
A303,MACEIO,AL,NE,-9.55111111,-35.77027777,84.12,2014,2026,13,2003-02-25
A323,PAO DE ACUCAR,AL,NE,-9.74916666,-37.43083332,20.83,2014,2026,13,2007-07-14
A327,PALMEIRA DOS INDIOS,AL,NE,-9.42027777,-36.62027777,278.01,2014,2026,13,2007-07-11
A353,ARAPIRACA,AL,NE,-9.80444444,-36.61916666,236.84,2014,2026,13,2008-04-27
A355,CORURIPE,AL,NE,-10.1286111,-36.28638888,82.39,2014,2026,13,2008-09-06
A356,SAO LUIS DO QUITUNDE,AL,NE,-9.28749999,-35.56583333,13.69,2014,2026,13,2008-09-08
A371,PIRANHAS,AL,NE,-9.62222221,-37.76722221,187.0,2017,2026,10,2017-09-20
A101,MANAUS,AM,N,-3.10333333,-60.01638888,61.25,2014,2026,13,2000-05-09
A109,EIRUNEPE,AM,N,-6.65027777,-69.8686111,121.54,2014,2026,13,2012-08-31
A110,BOCA DO ACRE,AM,N,-8.77666666,-67.33249999,111.98,2014,2026,13,2008-07-15
A111,LABREA,AM,N,-7.26055555,-64.7886111,61.91,2014,2026,13,2008-07-27
A112,HUMAITA,AM,N,-7.5525,-63.07138888,53.56,2014,2026,13,2008-04-25
A113,APUI,AM,N,-7.20555555,-59.8886111,156.97,2014,2026,13,2008-07-19
A117,COARI,AM,N,-4.09749999,-63.14527777,33.84,2014,2026,13,2008-04-12
A119,MANACAPURU,AM,N,-3.29472221,-60.62833332,36.57,2014,2026,13,2008-04-10
A120,AUTAZES,AM,N,-3.58333333,-59.12944443,19.9,2014,2026,13,2008-04-17
A121,ITACOATIARA,AM,N,-3.13333333,-58.48277777,41.54,2014,2026,13,2008-04-17
A122,MAUES,AM,N,-3.39888888,-57.67388888,25.49,2014,2026,13,2008-04-22
A123,PARINTINS,AM,N,-2.63916666,-56.75611111,18.72,2014,2026,13,2008-04-11
A124,URUCARA,AM,N,-2.53472221,-57.75805555,18.49,2014,2026,13,2008-04-17
A125,RIO URUBU,AM,N,-2.6336111,-59.60055555,112.84,2014,2026,13,2008-06-26
A126,PRESIDENTE FIGUEIREDO,AM,N,-2.05666666,-60.02583332,60.99,2014,2026,13,2008-04-19
A128,BARCELOS,AM,N,-0.98722221,-62.92416666,29.88,2014,2026,13,2008-04-19
A133,MANICORE,AM,N,-5.7886111,-61.28833333,40.64,2014,2026,13,2011-12-12
A134,S. G. DA CACHOEIRA,AM,N,-0.12527777,-67.06111111,79.67,2014,2026,13,2011-08-31
A144,NOVO ARIPUANA,AM,N,-8.0911111,-60.38055554,45.0,2019,2026,8,2019-07-18
S102,PEF IPIRANGA,AM,N,-2.93055554,-69.69527777,,2016,2018,3,2016-12-01
S103,CRMN MANAUS,AM,N,-3.02249999,-60.05555555,,2016,2018,3,2016-12-01
S105,DTCEA TABATINGA,AM,N,-4.25055555,-69.93499999,,2016,2018,3,2016-12-01
S115,PEF YAUARETE,AM,N,0.59944444,-69.19194444,,2016,2018,3,2016-12-01
S116,PEF ESTIRAO DO EQUADOR,AM,N,-4.52999999,-71.61749999,,2016,2018,3,2016-12-01
S117,DTCEA TEFE,AM,N,-3.37722221,-64.72305554,,2016,2018,3,2016-12-01
S121,SANTA ISABEL DO RIO NEGRO,AM,N,-0.41444444,-65.01749999,,2016,2018,3,2016-12-01
A242,OIAPOQUE,AP,N,3.81361111,-51.8625,15.14,2014,2026,13,2008-09-11
A244,PORTO GRANDE,AP,N,0.69416666,-51.40388888,84.8,2019,2026,8,2008-09-17
A249,MACAPA,AP,N,0.03499999,-51.08888888,16.62,2014,2026,13,2013-12-12
A251,ITAUBAL,AP,N,0.56777777,-50.8236111,21.0,2017,2026,10,2017-08-24
A401,SALVADOR,BA,NE,-13.00555555,-38.50583333,47.56,2014,2026,13,2000-05-13
A402,BARREIRAS,BA,NE,-12.12472221,-45.02694443,474.17,2014,2026,13,2001-12-20
A404,LUIS EDUARDO MAGALHAES,BA,NE,-12.08499999,-45.70527777,748.0,2014,2026,13,2002-04-18
A405,CARAVELAS,BA,NE,-17.73944444,-39.25861111,6.05,2014,2026,13,2002-12-20
A406,CRUZ DAS ALMAS,BA,NE,-12.67555554,-39.08944444,219.76,2014,2026,13,2003-01-19
A407,ITIRUCU,BA,NE,-13.52777777,-40.11972221,757.42,2014,2026,13,2003-02-09
A408,ITABERABA,BA,NE,-12.52416666,-40.29972221,250.11,2014,2026,13,2003-01-29
A410,ILHEUS,BA,NE,-14.65888888,-39.18138888,80.21,2014,2026,13,2003-01-25
A412,MACAJUBA,BA,NE,-12.13166666,-40.35416666,360.0,2014,2026,13,2003-02-03
A413,FEIRA DE SANTANA,BA,NE,-12.1961111,-38.96749999,229.64,2014,2026,13,2007-05-26
A414,VITORIA DA CONQUISTA,BA,NE,-14.88638888,-40.80138888,879.38,2014,2026,13,2007-06-01
A415,SANTA RITA DE CASSIA,BA,NE,-11.00333333,-44.53638888,450.0,2014,2026,13,2007-05-28
A416,CORRENTINA,BA,NE,-13.33249999,-44.61749999,551.71,2014,2026,13,2007-11-09
A418,BOM JESUS DA LAPA,BA,NE,-13.25111111,-43.40527777,447.75,2014,2025,12,2007-05-18
A422,ABROLHOS,BA,NE,-17.96305555,-38.70333333,20.93,2014,2025,12,2008-07-21
A423,REMANSO,BA,NE,-9.62555554,-42.07722221,397.4,2014,2026,13,2008-03-26
A424,IRECE,BA,NE,-11.32888888,-41.86444444,768.42,2014,2026,13,2008-03-31
A425,LENCOIS,BA,NE,-12.55777777,-41.38888888,438.09,2014,2026,13,2008-04-05
A426,GUANAMBI,BA,NE,-14.20805555,-42.74972221,552.23,2014,2026,13,2008-04-24
A427,PORTO SEGURO,BA,NE,-16.38888888,-39.18249999,86.36,2014,2026,13,2008-07-10
A428,SENHOR DO BONFIM,BA,NE,-10.44305555,-40.14833333,532.09,2014,2026,13,2008-03-27
A429,BARRA,BA,NE,-11.08472221,-43.13888888,407.5,2014,2026,13,2008-05-12
A430,PIATA,BA,NE,-13.15555555,-41.77416666,1283.95,2014,2026,13,2008-05-03
A431,CONDE,BA,NE,-12.03583333,-37.68388888,31.9,2014,2026,13,2008-04-07
A432,BURITIRAMA,BA,NE,-10.72305554,-43.65111111,506.06,2014,2026,13,2008-05-15
A433,BRUMADO,BA,NE,-14.18194443,-41.67222221,473.37,2014,2026,13,2008-04-28
A434,AMARGOSA,BA,NE,-13.00944444,-39.61694443,397.8,2014,2026,13,2008-07-11
A435,UAUA,BA,NE,-9.8336111,-39.49555555,450.6,2014,2021,8,2008-05-20
A436,QUEIMADAS,BA,NE,-10.98472221,-39.61694443,310.11,2014,2026,13,2008-05-23
A437,UNA,BA,NE,-15.28027777,-39.09138888,74.08,2014,2026,13,2008-06-25
A438,MARAU,BA,NE,-13.90694444,-38.97222221,6.24,2014,2026,13,2008-06-22
A439,IBOTIRAMA,BA,NE,-12.19305555,-43.21333333,425.12,2014,2026,13,2008-04-28
A440,JACOBINA,BA,NE,-11.205,-40.465,440.78,2014,2026,13,2008-05-01
A441,SERRINHA,BA,NE,-11.66472222,-39.02305554,337.79,2014,2026,13,2008-05-09
A442,EUCLIDES DA CUNHA,BA,NE,-10.53722221,-38.99666666,431.96,2014,2026,13,2008-03-31
A443,DELFINO,BA,NE,-10.455,-41.20694444,646.24,2014,2026,13,2008-07-15
A444,VALENCA,BA,NE,-13.3436111,-39.12666666,93.12,2014,2026,13,2009-06-29
A445,IPIAU,BA,NE,-14.17138888,-39.69249999,132.11,2014,2026,13,2009-06-30
A446,ITAPETINGA,BA,NE,-15.24472221,-40.22944443,271.48,2014,2026,13,2009-06-25
A447,BELMONTE,BA,NE,-16.08805555,-39.21527777,89.67,2014,2026,13,2009-07-02
A448,CURACA,BA,NE,-9.00138888,-39.9125,370.0,2015,2026,12,2015-08-20
A449,PILAO ARCADO,BA,NE,-10.01833332,-42.50027777,385.0,2016,2022,7,2016-05-28
A450,JEREMOABO,BA,NE,-10.08083332,-38.34583333,261.0,2015,2026,12,2015-08-13
A452,FORMOSA DO RIO PRETO,BA,NE,-11.05222222,-45.20083333,488.0,2016,2026,11,2016-06-02
A454,MACAUBAS,BA,NE,-13.03888888,-42.61722221,574.0,2016,2018,3,2016-04-07
A455,ITAMARAJU,BA,NE,-17.00694444,-39.55805555,110.0,2016,2026,11,2016-05-28
A456,SALVADOR (RADIO FAROL),BA,NE,-12.80833333,-38.49583333,31.0,2018,2026,9,2018-03-10
A458,RIBEIRA DO AMPARO,BA,NE,-11.05861111,-38.44416666,182.0,2018,2026,9,2018-09-20
A472,ACAJUTIBA,BA,NE,-11.65444444,-38.01583333,182.0,2026,2026,1,2026-05-09
A305,FORTALEZA,CE,NE,-3.81583333,-38.53777777,29.55,2014,2025,12,2003-02-18
A306,SOBRAL,CE,NE,-3.74805555,-40.34583333,92.07,2014,2026,13,2003-02-12
A314,GUARAMIRANGA,CE,NE,-4.22916666,-38.95888888,865.53,2014,2026,13,2007-05-26
A315,BARBALHA,CE,NE,-7.30083333,-39.2711111,409.41,2014,2026,13,2007-05-31
A319,IGUATU,CE,NE,-6.39638888,-39.26888888,221.56,2014,2026,13,2007-05-30
A324,TAUA,CE,NE,-6.01749999,-40.28138888,410.87,2014,2026,13,2007-07-12
A325,QUIXERAMOBIM,CE,NE,-5.17444443,-39.28944444,221.04,2014,2026,13,2007-07-09
A332,MORADA NOVA,CE,NE,-5.0911111,-38.36472222,93.0,2014,2026,13,2007-08-24
A339,JAGUARUANA,CE,NE,-4.83777777,-37.69972221,12.0,2014,2025,12,2007-11-10
A342,CRATEUS,CE,NE,-5.18666666,-40.67222221,298.19,2014,2026,13,2008-12-11
A347,CAMPOS SALES,CE,NE,-7.07777777,-40.36277777,577.95,2014,2026,13,2008-03-07
A358,JAGUARIBE,CE,NE,-5.90555555,-38.62777777,149.31,2014,2026,13,2008-09-10
A359,ITAPIPOCA,CE,NE,-3.48416666,-39.5886111,104.49,2014,2026,13,2008-09-05
A360,ACARAU,CE,NE,-3.1211111,-40.08722221,67.15,2014,2026,13,2009-04-22
A368,TIANGUA,CE,NE,-3.73222221,-41.01194444,756.0,2018,2026,9,2018-03-15
A369,QUIXADA,CE,NE,-4.97888888,-39.05722222,193.0,2018,2026,9,2018-03-20
A001,BRASILIA,DF,CO,-15.78944444,-47.92583332,1160.96,2014,2026,13,2000-05-07
A042,BRAZLANDIA,DF,CO,-15.6525,-48.20138888,1147.0,2017,2026,10,2017-07-19
A045,AGUAS EMENDADAS,DF,CO,-15.59638888,-47.62583332,1030.36,2014,2026,13,2008-10-03
A046,GAMA (PONTE ALTA),DF,CO,-15.93527777,-48.13749999,990.0,2014,2026,13,2014-10-01
A047,PARANOA (COOPA-DF),DF,CO,-16.01222222,-47.5575,1043.0,2017,2026,10,2017-02-07
A612,VITORIA,ES,SE,-20.27083332,-40.30583333,9.0,2014,2026,13,2006-10-31
A613,SANTA TERESA,ES,SE,-19.98833333,-40.57944443,975.92,2014,2026,13,2007-08-09
A614,LINHARES,ES,SE,-19.35694444,-40.0686111,40.0,2014,2026,13,2006-10-27
A615,ALFREDO CHAVES,ES,SE,-20.63638888,-40.74194444,14.19,2014,2024,11,2006-11-03
A616,SAO MATEUS,ES,SE,-18.6761111,-39.86416666,28.66,2014,2026,13,2006-10-25
A617,ALEGRE,ES,SE,-20.75055555,-41.48888888,138.0,2014,2026,13,2006-10-25
A622,PRESIDENTE KENNEDY,ES,SE,-21.10083333,-41.03944444,69.12,2014,2026,13,2008-06-18
A623,NOVA VENECIA,ES,SE,-18.69527777,-40.39055555,156.02,2014,2022,9,2008-06-22
A631,ECOPORANGA,ES,SE,-18.29138888,-40.73638888,224.0,2017,2026,10,2017-03-17
A632,MARILANDIA,ES,SE,-19.40722222,-40.53972221,95.0,2017,2026,10,2017-03-22
A633,VENDA NOVA DO IMIGRANTE,ES,SE,-20.38555555,-41.18999999,722.0,2017,2026,10,2017-02-10
A634,VILA VELHA,ES,SE,-20.46694443,-40.40388888,25.0,2017,2026,10,2017-02-15
A657,AFONSO CLAUDIO,ES,SE,-20.10416666,-41.10694444,507.48,2014,2026,13,2011-09-24
A002,GOIANIA,GO,CO,-16.64277777,-49.22027777,727.3,2014,2026,13,2001-05-29
A003,MORRINHOS,GO,CO,-17.74499999,-49.10166666,751.09,2014,2026,13,2001-05-25
A005,PORANGATU,GO,CO,-13.30944444,-49.11749999,365.0,2018,2026,9,2001-06-04
A011,SAO SIMAO,GO,CO,-18.96916666,-50.63333333,492.45,2014,2026,13,2006-07-15
A012,LUZIANIA,GO,CO,-16.26055555,-47.96694443,1000.82,2014,2026,13,2006-10-21
A013,ARAGARCAS,GO,CO,-15.90277777,-52.24527777,327.35,2014,2026,13,2007-07-13
A014,GOIAS,GO,CO,-15.93972221,-50.14138888,512.86,2014,2026,13,2007-07-18
A015,ITAPACI,GO,CO,-14.97972221,-49.53944444,551.0,2014,2026,13,2007-02-03
A016,JATAI,GO,CO,-17.9236111,-51.71749999,670.08,2014,2026,13,2007-05-23
A017,POSSE,GO,CO,-14.08916666,-46.36638888,830.0,2014,2026,13,2007-04-18
A022,GOIANESIA,GO,CO,-15.22027777,-48.98999999,667.01,2014,2026,13,2007-06-02
A023,CAIAPONIA,GO,CO,-16.96694443,-51.81749999,740.1,2014,2026,13,2007-05-21
A024,ALTO PARAISO DE GOIAS,GO,CO,-14.13305554,-47.52333332,1264.7,2014,2026,13,2007-06-04
A025,RIO VERDE,GO,CO,-17.78527777,-50.965,780.11,2014,2026,13,2007-05-17
A026,MINEIROS,GO,CO,-17.45472222,-52.60111111,862.0,2014,2026,13,2007-11-24
A027,PARAUNA,GO,CO,-16.9625,-50.42555554,678.74,2014,2026,13,2008-03-29
A028,IPORA,GO,CO,-16.42305554,-51.14888888,610.41,2014,2026,13,2013-06-24
A029,EDEIA,GO,CO,-17.33694444,-49.91472222,608.0,2017,2026,10,2017-08-26
A031,SAO MIGUEL DO ARAGUAIA,GO,CO,-12.82055554,-50.33583333,210.0,2017,2026,10,2017-06-29
A032,MONTE ALEGRE DE GOIAS,GO,CO,-13.25361111,-46.89027777,552.0,2014,2026,13,2007-06-07
A033,PIRES DO RIO,GO,CO,-17.30416666,-48.28416666,757.27,2014,2026,13,2007-10-12
A034,CATALAO,GO,CO,-18.15472222,-47.92749999,900.72,2014,2026,13,2008-01-31
A035,ITUMBIARA,GO,CO,-18.40972222,-49.19194444,491.17,2014,2026,13,2007-11-01
A036,CRISTALINA,GO,CO,-16.78499999,-47.61305555,1211.08,2014,2026,13,2007-12-14
A037,SILVANIA,GO,CO,-16.67972221,-48.61805554,952.0,2014,2026,13,2010-10-08
A056,CRISTALINA (FAZENDA SANTA MONICA),GO,CO,-16.39944444,-47.62583332,932.0,2018,2026,9,2018-01-25
A203,SAO LUIS,MA,NE,-2.52666666,-44.21361111,54.8,2014,2026,13,2003-01-29
A204,BALSAS,MA,NE,-7.45555555,-46.02749999,271.03,2014,2026,13,2007-10-26
A205,CAROLINA,MA,NE,-7.33722221,-47.45972222,182.88,2014,2026,13,2007-12-04
A206,CHAPADINHA,MA,NE,-3.74277777,-43.35222222,104.0,2014,2026,13,2008-09-17
A207,GRAJAU,MA,NE,-5.81611111,-46.16222222,232.29,2014,2026,13,2008-09-10
A217,FAROL de SANTANA,MA,NE,-2.27083332,-43.62416666,9.87,2014,2026,13,2008-11-28
A218,PREGUICAS,MA,NE,-2.59222221,-42.7075,4.62,2014,2026,13,2008-11-22
A219,TURIACU,MA,NE,-1.66111111,-45.37249999,35.86,2014,2026,13,2008-06-10
A220,BACABAL,MA,NE,-4.24305555,-44.79499999,22.33,2014,2026,13,2008-07-09
A221,BARRA DO CORDA,MA,NE,-5.50666666,-45.23694444,154.19,2014,2026,13,2008-03-06
A222,COLINAS,MA,NE,-6.03305554,-44.23333333,175.37,2014,2026,13,2008-06-03
A223,ALTO PARNAIBA,MA,NE,-9.10833333,-45.93194443,283.69,2014,2025,12,2008-06-03
A224,ESTREITO,MA,NE,-6.65333333,-47.41833332,182.96,2014,2026,13,2008-02-27
A225,IMPERATRIZ,MA,NE,-5.55583333,-47.45972222,117.96,2014,2026,13,2008-03-01
A237,CAXIAS,MA,NE,-4.82138888,-43.3436111,84.85,2014,2026,13,2008-07-13
A238,BURITICUPU,MA,NE,-4.32055554,-46.44944444,174.91,2014,2026,13,2008-09-11
A255,ZE DOCA,MA,NE,-3.26916666,-45.65111111,45.5,2019,2026,8,2019-09-18
S108,SAO BENTO,MA,NE,-2.7,-44.85,,2016,2018,3,2016-12-01
A502,BARBACENA,MG,SE,-21.22833332,-43.76777777,1168.76,2014,2026,13,2002-12-05
A505,ARAXA,MG,SE,-19.60583333,-46.94972221,1018.32,2014,2026,13,2002-12-19
A506,MONTES CLAROS,MG,SE,-16.68638888,-43.84388888,645.87,2014,2026,13,2002-12-19
A507,UBERLANDIA,MG,SE,-18.91694443,-48.25555555,874.77,2014,2026,13,2002-12-18
A508,ALMENARA,MG,SE,-16.16666666,-40.68777777,189.11,2014,2026,13,2002-12-15
A509,MONTE VERDE,MG,SE,-22.86166666,-46.04333333,1544.89,2014,2026,13,2004-12-19
A510,VICOSA,MG,SE,-20.7625,-42.86388888,697.64,2014,2026,13,2005-09-15
A511,TIMOTEO,MG,SE,-19.57388888,-42.62249999,493.42,2014,2026,13,2006-02-22
A512,ITUIUTABA,MG,SE,-18.95277777,-49.52499999,540.08,2014,2026,13,2006-05-12
A513,OURO BRANCO,MG,SE,-20.55666666,-43.75611111,1048.2,2014,2026,13,2006-07-28
A514,SAO JOAO DEL REI,MG,SE,-21.10638888,-44.25083333,929.88,2014,2026,13,2006-06-09
A515,VARGINHA,MG,SE,-21.56638888,-45.40416666,949.78,2014,2026,13,2006-07-13
A516,PASSOS,MG,SE,-20.74527777,-46.63388888,781.7,2014,2026,13,2006-07-16
A517,MURIAE,MG,SE,-21.105,-42.37583332,282.79,2014,2026,13,2006-08-30
A518,JUIZ DE FORA,MG,SE,-21.76999999,-43.36444444,936.88,2014,2026,13,2007-05-26
A519,CAMPINA VERDE,MG,SE,-19.53916666,-49.51805554,559.07,2014,2026,13,2006-07-15
A520,CONCEICAO DAS ALAGOAS,MG,SE,-19.98583333,-48.15166666,572.54,2014,2026,13,2006-07-18
A521,BELO HORIZONTE - PAMPULHA,MG,SE,-19.88388888,-43.96944443,854.02,2014,2026,13,2006-10-10
A522,SERRA DOS AIMORES,MG,SE,-17.79888888,-40.25,211.97,2014,2026,13,2006-08-21
A523,PATROCINIO,MG,SE,-18.99666666,-46.98583333,978.11,2014,2026,13,2006-08-22
A524,FORMIGA,MG,SE,-20.455,-45.45388888,878.14,2014,2026,13,2006-08-17
A525,SACRAMENTO,MG,SE,-19.87527777,-47.43416666,913.12,2014,2026,13,2006-08-19
A526,MONTALVANIA,MG,SE,-14.40833333,-44.40416666,519.52,2014,2026,13,2007-06-26
A527,TEOFILO OTONI,MG,SE,-17.89277777,-41.51555555,467.17,2014,2026,13,2006-08-25
A528,TRES MARIAS,MG,SE,-18.20083333,-45.45972222,931.01,2014,2026,13,2006-08-25
A529,PASSA QUATRO,MG,SE,-22.39583333,-44.96194444,1017.1,2014,2026,13,2007-05-30
A530,CALDAS,MG,SE,-21.91805554,-46.38305554,1077.34,2014,2026,13,2006-11-28
A531,MARIA DA FE,MG,SE,-22.31444444,-45.37305554,1281.43,2014,2026,13,2006-12-01
A532,GOVERNADOR VALADARES,MG,SE,-18.83027777,-41.97694443,198.24,2014,2026,13,2007-05-27
A533,GUANHAES,MG,SE,-18.78694444,-42.94305555,852.68,2014,2026,13,2007-06-02
A534,AIMORES,MG,SE,-19.53277777,-41.09083333,301.0,2014,2026,13,2007-08-05
A535,FLORESTAL,MG,SE,-19.88527777,-44.41694443,753.5,2014,2026,13,2008-06-27
A536,DORES DO INDAIA,MG,SE,-19.48194443,-45.59388888,721.09,2014,2026,13,2007-06-01
A537,DIAMANTINA,MG,SE,-18.231052,-43.648269,1359.25,2014,2026,13,2007-06-05
A538,CURVELO,MG,SE,-18.74777777,-44.45388888,669.48,2014,2026,13,2006-12-18
A539,MOCAMBINHO,MG,SE,-15.08583333,-44.01611111,454.0,2014,2026,13,2007-11-11
A540,MANTENA,MG,SE,-18.78055554,-40.98638888,254.91,2014,2026,13,2007-08-01
A541,CAPELINHA,MG,SE,-17.70555555,-42.38916666,932.06,2014,2026,13,2007-08-31
A542,UNAI,MG,SE,-16.55416666,-46.88194443,640.85,2014,2026,13,2007-06-16
A543,ESPINOSA,MG,SE,-14.91222222,-42.80861111,565.36,2014,2026,13,2007-11-14
A544,BURITIS,MG,SE,-15.52416666,-46.43555555,894.0,2014,2026,13,2007-06-19
A545,PIRAPORA,MG,SE,-17.258064,-44.835556,505.32,2014,2026,13,2007-07-04
A546,GUARDA-MOR,MG,SE,-17.56138888,-47.19916666,997.01,2014,2026,13,2007-07-11
A547,SAO ROMAO,MG,SE,-16.36277777,-45.12388888,490.29,2014,2026,13,2007-06-30
A548,CHAPADA GAUCHA,MG,SE,-15.30027777,-45.61749999,873.2,2014,2025,12,2007-06-22
A549,AGUAS VERMELHAS,MG,SE,-15.75166666,-41.45777777,754.07,2014,2026,13,2007-09-09
A550,ITAOBIM,MG,SE,-16.57555554,-41.48555555,271.63,2014,2026,13,2007-09-05
A551,RIO PARDO DE MINAS,MG,SE,-15.72305554,-42.43583333,850.06,2014,2026,13,2007-11-17
A552,SALINAS,MG,SE,-16.16027777,-42.31027777,487.14,2014,2026,13,2007-09-14
A553,JOAO PINHEIRO,MG,SE,-17.78444444,-46.11944443,877.05,2014,2026,13,2007-07-07
A554,CARATINGA,MG,SE,-19.73583333,-42.13722221,609.25,2014,2026,13,2007-05-24
A555,IBIRITE (ROLA MOCA),MG,SE,-20.03138888,-44.01111111,1198.82,2014,2026,13,2008-06-06
A556,MANHUACU,MG,SE,-20.26333333,-42.18277777,819.47,2014,2026,13,2010-09-25
A557,CORONEL PACHECO,MG,SE,-21.54666666,-43.26111111,411.14,2014,2026,13,2012-10-17
A559,JANUARIA,MG,SE,-15.44805555,-44.36638888,468.0,2016,2026,11,2016-06-23
A560,POMPEU,MG,SE,-19.23249999,-44.96416666,705.0,2021,2026,6,2015-08-21
A561,SAO SEBASTIAO DO PARAISO,MG,SE,-20.91,-47.11416666,845.0,2015,2026,12,2015-08-17
A562,PATOS DE MINAS,MG,SE,-18.52055554,-46.44055555,950.0,2017,2026,10,2017-05-12
A563,NOVA PORTEIRINHA (JANAUBA),MG,SE,-15.80277777,-43.29694444,532.0,2016,2026,11,2016-11-19
A564,DIVINOPOLIS,MG,SE,-20.17333332,-44.87499999,796.0,2017,2026,10,2017-10-26
A565,BAMBUI,MG,SE,-20.0311111,-46.00888888,697.0,2016,2026,11,2016-11-23
A566,ARACUAI,MG,SE,-16.84888888,-42.03527777,308.0,2017,2026,10,2017-05-19
A567,MACHADO,MG,SE,-21.68083332,-45.94444444,969.0,2017,2026,10,2017-07-21
A568,UBERABA,MG,SE,-19.71,-47.96194444,778.0,2017,2026,10,2017-05-19
A569,SETE LAGOAS,MG,SE,-19.45527777,-44.17333332,719.0,2016,2026,11,2016-06-10
A570,OLIVEIRA,MG,SE,-20.715,-44.86444444,1025.0,2017,2026,10,2017-10-19
A571,PARACATU,MG,SE,-17.24444444,-46.88166666,705.0,2018,2026,9,2018-03-16
A572,BELO HORIZONTE - SANTO AGOSTINHO,MG,SE,-19.93388888,-43.95222222,915.47,2025,2026,2,2025-08-28
F501,BELO HORIZONTE - CERCADINHO,MG,SE,-19.97999999,-43.95861111,1199.55,2014,2026,13,2013-12-27
S122,EB_PEF_BONFIM,MG,SE,3.35888888,-59.82388888,,2016,2018,3,2016-12-01
A702,CAMPO GRANDE,MS,CO,-20.44722221,-54.72249999,528.47,2014,2026,13,2001-09-10
A703,PONTA PORA,MS,CO,-22.5525,-55.71638888,668.0,2014,2026,13,2001-09-07
A704,TRES LAGOAS,MS,CO,-20.79499999,-51.71333333,328.94,2014,2026,13,2001-09-03
A709,IVINHEMA,MS,CO,-22.30055555,-53.82277777,377.36,2014,2026,13,2003-02-08
A710,PARANAIBA,MS,CO,-19.69555555,-51.18166666,408.06,2014,2026,13,2006-11-10
A717,NHUMIRIM,MS,CO,-18.9886111,-56.62277777,102.26,2014,2026,13,2006-08-02
A719,AQUIDAUANA,MS,CO,-20.47555554,-55.78388888,151.35,2014,2026,13,2006-11-01
A720,COXIM,MS,CO,-18.51222222,-54.7361111,251.48,2014,2026,13,2006-11-06
A721,DOURADOS,MS,CO,-22.19388888,-54.91138888,463.3,2014,2026,13,2006-10-18
A722,MIRANDA,MS,CO,-20.39555555,-56.43166666,132.49,2014,2026,13,2006-11-02
A723,PORTO MURTINHO,MS,CO,-21.70583333,-57.88666666,78.56,2014,2026,13,2006-10-24
A724,CORUMBA,MS,CO,-18.99666666,-57.63749999,111.73,2014,2026,13,2006-10-26
A730,CHAPADAO DO SUL,MS,CO,-18.80222222,-52.6025,820.82,2014,2026,13,2006-12-20
A731,MARACAJU,MS,CO,-21.60916666,-55.17749999,388.94,2014,2026,13,2006-12-15
A732,SAO GABRIEL DO OESTE,MS,CO,-19.42027777,-54.55305555,646.0,2014,2026,13,2006-12-18
A742,CASSILANDIA,MS,CO,-19.12249999,-51.72083332,494.72,2014,2026,13,2008-03-08
A743,RIO BRILHANTE,MS,CO,-21.77499999,-54.52805554,324.31,2014,2026,13,2008-06-26
A749,JUTI,MS,CO,-22.85722222,-54.60555555,375.18,2014,2026,13,2008-06-16
A750,AMAMBAI,MS,CO,-23.0025,-55.32944443,433.59,2014,2026,13,2008-06-11
A751,SETE QUEDAS,MS,CO,-23.96694443,-55.02416666,398.4,2014,2026,13,2008-06-03
A752,ITAQUIRAI,MS,CO,-23.44944444,-54.18194443,337.82,2014,2026,13,2008-05-28
A754,SIDROLANDIA,MS,CO,-20.98166666,-54.97194443,471.43,2014,2026,13,2008-09-29
A756,AGUA CLARA,MS,CO,-20.44444444,-52.87583332,323.63,2014,2026,13,2010-08-14
A757,BELA VISTA,MS,CO,-22.10166666,-56.54083333,206.09,2014,2022,9,2011-08-09
A758,JARDIM,MS,CO,-21.4786111,-56.13777777,252.47,2014,2026,13,2011-08-04
A759,BATAGUASSU,MS,CO,-21.75,-52.47138888,392.13,2014,2026,13,2013-03-21
A760,COSTA RICA,MS,CO,-18.49277777,-53.17138888,727.34,2014,2026,13,2012-12-04
A761,SONORA,MS,CO,-17.63527777,-54.76055555,495.25,2014,2026,13,2012-11-30
A772,AMAMBAI - NOVO HORIZONTE,MS,CO,-23.1211111,-54.86555555,,2026,2026,1,2026-02-18
S701,ANGELICA,MS,CO,-22.148083,-53.763736,347.0,2018,2021,4,2018-04-09
S702,ARAL MOREIRA,MS,CO,-22.955,-55.6261111,605.0,2018,2021,4,2018-04-13
S703,BANDEIRANTES,MS,CO,-19.94555555,-54.3686111,624.0,2018,2021,4,2018-01-29
S704,BONITO,MS,CO,-21.24666666,-56.45055555,329.0,2018,2021,4,2018-08-06
S705,BRASILANDIA,MS,CO,-21.29833333,-52.06888888,345.0,2018,2021,4,2018-04-06
S706,CAARAPO,MS,CO,-22.657056,-54.819306,456.0,2018,2021,4,2018-03-03
S707,CAMAPUA,MS,CO,-19.58749999,-54.02999999,540.0,2018,2021,4,2018-02-19
S708,FATIMA DO SUL,MS,CO,-22.30861111,-54.32583332,340.0,2018,2021,4,2018-02-28
S709,IGUATEMI,MS,CO,-23.64444444,-54.57027777,319.0,2018,2021,4,2018-02-19
S710,ITAPORA,MS,CO,-22.092833,-54.798833,360.0,2018,2021,4,2018-02-26
S711,LAGUNA CARAPA,MS,CO,-22.575389,-55.160333,499.0,2018,2021,4,2018-04-12
S712,NOVA ALVORADA DO SUL,MS,CO,-21.450972,-54.341972,5.0,2018,2021,4,2018-02-23
S713,NOVA ANDRADINA,MS,CO,-22.0786111,-53.46583333,372.0,2018,2021,4,2018-04-09
S714,PEDRO GOMES,MS,CO,-18.07277777,-54.54888888,251.0,2018,2021,4,2018-02-02
S715,RIBAS DO RIO PARDO,MS,CO,-20.466694,-53.763028,442.0,2018,2021,4,2018-01-18
S716,SANTA RITA DO PARDO,MS,CO,-21.305889,-52.820375,383.0,2018,2021,4,2018-02-19
S717,SELVIRIA,MS,CO,-20.35138888,-51.43027777,374.0,2018,2021,4,2018-04-05
A901,CUIABA,MT,CO,-15.60694444,-56.06083333,184.0,2014,2026,13,2002-12-08
A902,TANGARA DA SERRA,MT,CO,-14.65,-57.43166666,440.01,2014,2026,13,2002-12-11
A903,S.J. DO RIO CLARO,MT,CO,-13.45388888,-56.67722221,339.59,2014,2026,13,2003-02-25
A904,SORRISO,MT,CO,-12.555,-55.72277777,379.31,2014,2026,13,2002-12-16
A905,CAMPO NOVO DOS PARECIS,MT,CO,-13.78583333,-57.8386111,525.41,2014,2026,13,2002-12-13
A906,GUARANTA DO NORTE,MT,CO,-9.9525,-54.89777777,283.58,2014,2026,13,2002-12-20
A907,RONDONOPOLIS,MT,CO,-16.4625,-54.58027777,289.88,2014,2026,13,2003-11-17
A908,AGUA BOA,MT,CO,-14.01638888,-52.21166666,440.0,2014,2026,13,2006-12-16
A909,ALTO ARAGUAIA,MT,CO,-17.33944444,-53.22444443,753.28,2014,2026,13,2011-09-22
A910,APIACAS,MT,CO,-9.56333333,-57.3936111,217.75,2014,2026,13,2006-10-24
A911,SAPEZAL,MT,CO,-13.30388888,-58.76333333,105.0,2017,2026,10,2017-10-20
A912,CAMPO VERDE,MT,CO,-15.55888888,-55.17944443,747.0,2014,2026,13,2006-11-21
A913,COMODORO,MT,CO,-13.70805555,-59.7625,576.87,2014,2025,12,2006-11-28
A914,JUARA,MT,CO,-11.28027777,-57.52666666,263.43,2014,2026,13,2006-11-02
A915,PARANATINGA,MT,CO,-14.42138888,-54.0361111,476.91,2014,2025,12,2006-12-19
A916,QUERENCIA,MT,CO,-12.60305555,-52.1625,355.0,2014,2026,11,2007-07-18
A917,SINOP,MT,CO,-11.98222221,-55.56611111,366.57,2014,2026,13,2006-10-29
A919,COTRIGUACU,MT,CO,-9.90638888,-58.57222221,265.0,2014,2026,13,2007-05-28
A920,JUINA,MT,CO,-11.37499999,-58.77472221,365.39,2014,2026,13,2006-11-24
A921,SAO FELIX  DO ARAGUAIA,MT,CO,-11.61888888,-50.72777777,201.37,2014,2024,11,2007-10-19
A922,VILA BELA DA SANTISSIMA TRINDADE,MT,CO,-15.06277777,-59.87305554,213.0,2014,2026,13,2006-12-01
A923,PRIMAVERA DO LESTE,MT,CO,-15.57999999,-54.3811111,680.0,2017,2026,10,2017-10-26
A924,ALTA FLORESTA,MT,CO,-10.07722221,-56.17916666,291.85,2014,2026,13,2007-05-23
A926,CARLINDA,MT,CO,-9.97055554,-55.82749999,293.71,2014,2026,13,2008-04-09
A927,BRASNORTE (NOVO MUNDO),MT,CO,-12.52194443,-58.23138888,426.2,2014,2026,13,2008-02-29
A928,NOVA MARINGA,MT,CO,-13.0386111,-57.09222221,334.36,2014,2026,13,2008-04-16
A929,NOVA UBIRATA,MT,CO,-13.68666666,-54.95611111,466.48,2014,2026,13,2008-04-13
A930,GAUCHA DO NORTE,MT,CO,-13.18472221,-53.2575,375.87,2014,2026,13,2008-06-04
A931,SANTO ANTONIO DO LESTE,MT,CO,-14.92499999,-53.88444444,662.0,2014,2026,13,2008-05-30
A932,GUIRATINGA,MT,CO,-16.34166666,-53.76611111,525.43,2014,2026,13,2008-01-24
A933,ITIQUIRA,MT,CO,-17.17499999,-54.50166666,593.12,2014,2026,13,2008-08-14
A934,ALTO TAQUARI,MT,CO,-17.8411111,-53.28944444,862.42,2014,2026,13,2008-01-29
A935,PORTO ESTRELA,MT,CO,-15.32472221,-57.22583332,147.75,2014,2026,13,2008-05-30
A936,SALTO DO CEU,MT,CO,-15.12472221,-58.12722221,300.83,2014,2026,13,2008-01-24
A937,PONTES E LACERDA,MT,CO,-15.32527777,-59.2336111,272.53,2014,2026,13,2008-01-30
A941,CACERES,MT,CO,-16.07472221,-57.69305555,123.53,2014,2020,7,2012-03-30
A942,SAO JOSE DO XINGU,MT,CO,-10.48416666,-52.37249999,300.0,2019,2026,8,2019-02-19
A943,SERRA NOVA DOURADA,MT,CO,-11.98777777,-51.4261111,441.0,2019,2026,8,2019-03-29
A944,ROSARIO OESTE,MT,CO,-14.82888888,-56.44194444,195.0,2019,2026,8,2019-05-30
A945,BARRA DO GARCAS,MT,CO,-15.88472221,-52.22722221,304.0,2025,2026,2,2025-11-26
A946,MARCELANDIA,MT,CO,-11.08499999,-54.51388888,291.0,2026,2026,1,2025-12-14
A947,NOVO SANTO ANTONIO,MT,CO,-12.28805555,-50.97138888,205.0,2025,2026,2,2025-11-28
A948,SANTA RITA DO TRIVELATO,MT,CO,-13.81805554,-55.26777777,510.0,2026,2026,1,2025-12-09
A949,DIAMANTINO,MT,CO,-14.37777777,-56.37972221,317.0,2025,2026,2,2025-11-27
A950,ITANHANGA,MT,CO,-12.23416666,-56.60222222,350.0,2025,2026,2,2025-12-01
A951,FELIZ NATAL,MT,CO,-12.39694444,-54.92999999,373.0,2026,2026,1,2025-12-12
A952,TABAPORA,MT,CO,-11.05055555,-56.83583333,337.0,2026,2026,1,2025-12-04
A953,NOVA CANAA DO NORTE,MT,CO,-10.62444443,-55.72416666,270.0,2026,2026,1,2025-12-16
A954,COCALINHO,MT,CO,-14.38555555,-51.00972222,252.0,2025,2026,2,2025-12-03
A955,LUCAS DO RIO VERDE,MT,CO,-13.07499999,-55.91138888,393.0,2025,2026,2,2025-12-03
A956,NOVA XAVANTINA,MT,CO,-14.69777777,-52.35027777,306.0,2026,2026,1,2025-12-03
A957,CANARANA,MT,CO,-13.47055554,-52.30444444,430.0,2026,2026,1,2026-02-09
A958,CHAPADA DOS GUIMARAES,MT,CO,-15.46055555,-55.74972221,800.0,2026,2026,1,2026-02-06
A959,NOVA UBIRATA - SEDE,MT,CO,-13.03249999,-55.24194444,440.0,2026,2026,1,2026-03-05
A960,PORTO ESPERIDIAO,MT,CO,-15.86083333,-58.47222221,159.0,2026,2026,1,2026-02-07
A961,MIRASSOL D'OESTE,MT,CO,-15.64027777,-58.07888888,263.0,2026,2026,1,2026-02-05
A962,CAMPOS DE JULIO,MT,CO,-13.72722221,-59.2625,620.0,2026,2026,1,2026-02-15
A963,COMODORO NORTE,MT,CO,-13.63555555,-59.78499999,624.0,2026,2026,1,2026-02-17
A964,ARIPUANA,MT,CO,-10.18249999,-59.45972222,230.0,2026,2026,1,2026-02-23
A965,COLNIZA,MT,CO,-9.45222222,-59.23527777,140.0,2026,2026,1,2026-02-22
A966,POCONE,MT,CO,-17.33666666,-56.76999999,100.0,2026,2026,1,2026-04-24
A967,BARRA DO BUGRES,MT,CO,-15.07583332,-57.19472221,186.0,2026,2026,1,2026-02-03
A968,CONFRESA,MT,CO,-10.65416666,-51.55222222,240.0,2026,2026,1,2026-03-11
A969,SANTO ANTONIO DO LEVERGER,MT,CO,-15.85472222,-56.07083332,190.0,2026,2026,1,2026-03-19
A970,ESPIGAO DO LESTE,MT,CO,-11.42666666,-52.18583333,380.0,2026,2026,1,2026-03-13
A201,BELEM,PA,N,-1.41111111,-48.43944444,21.17,2014,2026,13,2003-01-20
A202,CASTANHAL,PA,N,-1.30083333,-47.94805555,47.13,2014,2026,13,2003-01-24
A209,MEDICILANDIA,PA,N,-3.51083333,-52.96333333,251.68,2014,2026,13,2008-02-17
A210,PACAJA,PA,N,-3.8436111,-50.63805555,89.02,2014,2026,13,2008-02-27
A211,PLACAS,PA,N,-3.86416666,-54.21638888,100.45,2014,2026,13,2008-02-14
A212,PARAGOMINAS,PA,N,-2.90055555,-47.49499999,88.0,2014,2026,13,2007-10-18
A213,TOME ACU,PA,N,-2.59249999,-48.36055555,42.95,2014,2026,13,2007-10-14
A214,RONDON DO PARA,PA,N,-4.82749999,-48.1736111,203.0,2014,2026,13,2008-04-17
A215,SALINOPOLIS,PA,N,-0.61888888,-47.35666666,23.18,2014,2026,13,2008-06-14
A216,SAO FELIX DO XINGU,PA,N,-6.63972221,-51.95694444,211.0,2016,2026,11,2016-11-15
A226,BRAGANCA,PA,N,-1.05583333,-46.78277777,5.6,2014,2026,13,2008-03-11
A227,SOURE,PA,N,-0.72777777,-48.51583333,12.54,2014,2026,13,2008-04-27
A228,BREVES,PA,N,-1.68027777,-50.47805554,11.0,2017,2026,10,2017-10-20
A229,TUCURUI,PA,N,-3.82277777,-49.67499999,137.94,2014,2026,13,2008-03-01
A230,SERRA DOS CARAJAS,PA,N,-6.07749999,-50.14222221,707.0,2014,2026,13,2008-09-03
A231,ITAITUBA,PA,N,-4.27694443,-55.99305555,24.46,2014,2026,13,2008-02-17
A232,OBIDOS,PA,N,-1.88083332,-55.51972221,89.64,2014,2026,13,2012-07-05
A233,SANTANA DO ARAGUAIA,PA,N,-9.34055555,-50.35027777,154.0,2014,2026,13,2008-05-30
A234,TUCUMA,PA,N,-6.74333333,-51.14194444,320.93,2014,2026,13,2008-07-18
A235,NOVO REPARTIMENTO,PA,N,-4.24388888,-49.93944444,100.76,2014,2026,13,2008-07-23
A236,CAMETA,PA,N,-2.23972221,-49.49972221,9.92,2014,2026,13,2008-06-20
A239,MONTE ALEGRE,PA,N,-2.0,-54.07638888,100.53,2014,2026,13,2012-07-06
A240,MARABA,PA,N,-5.36638888,-49.05111111,116.58,2014,2026,13,2009-06-25
A241,CONCEICAO DO ARAGUAIA,PA,N,-8.30361111,-49.28277777,175.74,2014,2026,13,2008-09-04
A245,PORTO DE MOZ,PA,N,-1.82194443,-52.11166666,19.0,2022,2026,5,2022-04-07
A246,MINA DO PALITO,PA,N,-6.31999999,-55.78777777,259.88,2014,2026,13,2010-09-28
A247,XINGUARA,PA,N,-7.11055555,-49.9261111,245.0,2016,2026,11,2016-09-11
A248,CAPITAO POCO,PA,N,-1.73472221,-47.0575,79.1,2014,2026,13,2011-04-18
A250,SANTAREM,PA,N,-2.5025,-54.72027777,137.0,2015,2026,12,2015-09-02
A252,DOM ELISEU,PA,N,-4.28055554,-47.56388888,251.0,2018,2026,9,2018-03-08
A253,ALTAMIRA,PA,N,-3.26999999,-52.39472221,191.0,2018,2026,9,2018-10-25
A254,REDENCAO,PA,N,-8.04333333,-50.00694444,199.0,2019,2026,8,2019-07-11
A256,SANTA MARIA DAS BARREIRAS,PA,N,-8.72972221,-49.85638888,165.0,2021,2026,6,2020-12-18
S107,DOM ELISEU,PA,N,-4.28999999,-47.55,,2016,2018,3,2016-12-01
S111,ULIANOPOLIS,PA,N,-3.8,-47.51,,2016,2018,3,2016-12-01
S120,DTCEA JACAREACANGA,PA,N,-6.23722221,-57.77499999,,2016,2018,3,2016-12-01
A310,AREIA,PB,NE,-6.97555554,-35.71805554,573.45,2014,2026,13,2004-11-16
A313,CAMPINA GRANDE,PB,NE,-7.22555554,-35.90472222,546.17,2014,2026,13,2006-12-22
A320,JOAO PESSOA,PB,NE,-7.1436111,-34.84972221,43.0,2014,2026,13,2007-07-21
A321,PATOS,PB,NE,-7.07972221,-37.27277777,263.66,2014,2026,13,2007-07-21
A333,SAO GONCALO,PB,NE,-6.83583333,-38.31166666,237.04,2014,2026,13,2007-11-06
A334,MONTEIRO,PB,NE,-7.88277777,-37.12749999,606.39,2014,2026,13,2007-08-22
A348,CABACEIRAS,PB,NE,-7.48333333,-36.28638888,391.96,2014,2026,13,2008-02-28
A352,CAMARATUBA,PB,NE,-6.56194444,-35.13527777,135.51,2014,2026,13,2008-05-04
A373,ITAPORANGA,PB,NE,-7.31833332,-38.14083333,292.0,2017,2026,10,2017-11-03
A301,RECIFE,PE,NE,-8.01888888,-34.94416666,10.0,2014,2026,11,2004-12-22
A307,PETROLINA,PE,NE,-9.38833333,-40.52333332,372.72,2014,2025,12,2003-02-21
A309,ARCO VERDE,PE,NE,-8.4336111,-37.05555555,683.95,2014,2026,13,2004-11-20
A322,GARANHUNS,PE,NE,-8.91083333,-36.49333333,827.78,2014,2026,13,2007-07-08
A328,SURUBIM,PE,NE,-7.84249999,-35.79027777,421.44,2014,2026,13,2008-03-09
A329,CABROBO,PE,NE,-8.50388888,-39.31527777,342.74,2014,2026,13,2007-09-04
A341,CARUARU,PE,NE,-8.35611111,-36.02833332,837.0,2014,2026,13,2007-11-21
A349,IBIMIRIM,PE,NE,-8.50944444,-37.71166666,434.23,2014,2026,13,2008-10-14
A350,SERRA TALHADA,PE,NE,-7.95416666,-38.29499999,499.02,2014,2026,13,2008-07-09
A351,FLORESTA,PE,NE,-8.59888888,-38.58416666,327.42,2014,2026,13,2008-09-15
A357,PALMARES,PE,NE,-8.66666666,-35.56805554,164.01,2014,2026,13,2008-09-04
A366,OURICURI,PE,NE,-7.88583333,-40.10277777,457.85,2014,2026,13,2010-08-11
A370,SALGUEIRO,PE,NE,-8.05805555,-39.0961111,447.0,2017,2026,10,2017-09-15
A389,ITAPISSUMA,PE,NE,-7.7761111,-34.89944444,7.0,2026,2026,1,2026-07-30
A308,PARNAIBA,PI,NE,-3.08666666,-41.78305554,52.11,2014,2026,13,2003-02-06
A311,FLORIANO,PI,NE,-6.76138888,-43.00333333,126.39,2014,2026,13,2004-11-18
A312,TERESINA,PI,NE,-5.03472221,-42.80138888,75.23,2014,2026,13,2004-11-24
A326,BOM JESUS DO PIAUI,PI,NE,-9.07999999,-44.32777777,288.0,2014,2026,13,2007-07-17
A330,PAULISTANA,PI,NE,-8.13222221,-41.14305555,376.0,2014,2026,13,2007-08-31
A331,SAO JOAO DO PIAUI,PI,NE,-8.36444444,-42.2525,231.0,2014,2026,13,2007-08-26
A335,PIRIPIRI,PI,NE,-4.2761111,-41.79444444,157.89,2014,2026,13,2007-08-31
A336,ALVORADA DO GURGUEIA,PI,NE,-8.37638888,-43.85944444,225.0,2014,2026,13,2007-11-17
A337,CARACOL,PI,NE,-9.28583333,-43.32444443,515.3,2014,2026,13,2007-11-10
A338,ESPERANTINA,PI,NE,-3.90083333,-42.23694444,65.0,2014,2017,4,2007-12-03
A343,PICOS,PI,NE,-7.0711111,-41.40416666,232.91,2014,2026,13,2008-12-12
A345,SAO RAIMUNDO NONATO,PI,NE,-9.03305554,-42.70111111,385.0,2014,2026,13,2008-02-27
A346,URUCUI,PI,NE,-7.44138888,-44.34499999,398.83,2014,2026,13,2008-03-06
A354,OEIRAS,PI,NE,-6.97416666,-42.14694444,154.03,2014,2026,13,2008-07-22
A361,CASTELO DO PIAUI,PI,NE,-5.34916666,-41.51222222,268.75,2014,2026,13,2009-04-20
A362,SAO PEDRO DO PIAUI,PI,NE,-5.91111111,-42.7186111,287.0,2014,2018,5,2009-05-20
A363,VALENCA DO PIAUI,PI,NE,-6.4236111,-41.74888888,372.0,2014,2026,13,2009-04-18
A364,GILBUES,PI,NE,-9.87527777,-45.34583333,425.1,2014,2026,13,2009-05-16
A365,CANTO DO BURITI,PI,NE,-8.11805554,-42.97583332,312.07,2014,2026,13,2010-06-12
A374,CORRENTE,PI,NE,-10.42916666,-45.17305554,452.0,2018,2026,9,2018-03-28
A375,BAIXA GRANDE DO RIBEIRO,PI,NE,-8.333531,-45.094625,519.0,2018,2026,9,2018-03-23
A376,CAMPO MAIOR,PI,NE,-4.86416666,-42.14555555,125.0,2018,2026,9,2018-11-23
A377,ANGICAL DO PIAUI,PI,NE,-6.08944444,-42.72749999,183.0,2019,2026,8,2019-11-14
A807,CURITIBA,PR,S,-25.4486111,-49.23055554,922.91,2014,2026,13,2003-01-28
A818,IVAI,PR,S,-25.01083333,-50.85388888,803.58,2014,2026,13,2006-07-11
A819,CASTRO,PR,S,-24.77999999,-50.04638888,1016.0,2014,2026,12,2006-07-09
A820,MAL. CANDIDO RONDON,PR,S,-24.53333333,-54.01916666,392.07,2014,2026,13,2006-11-18
A821,JOAQUIM TAVORA,PR,S,-23.50527777,-49.94638888,512.67,2014,2026,13,2006-11-23
A822,NOVA TEBAS,PR,S,-24.43388888,-51.95388888,660.0,2014,2026,12,2006-12-21
A823,INACIO MARTINS,PR,S,-25.56777777,-51.07805554,1208.85,2014,2026,13,2006-10-16
A824,ICARAIMA,PR,S,-23.39027777,-53.63583333,381.29,2014,2026,13,2006-11-16
A825,GOIOERE,PR,S,-24.18388888,-53.04888888,481.0,2019,2026,8,2006-10-19
A835,MARINGA,PR,S,-23.40527777,-51.93277777,548.51,2014,2026,13,2006-11-21
A842,NOVA FATIMA,PR,S,-23.41527777,-50.57777777,664.31,2014,2026,13,2007-02-08
A843,DOIS VIZINHOS,PR,S,-25.69916666,-53.09527777,545.95,2014,2026,13,2007-03-29
A846,FOZ DO IGUACU,PR,S,-25.60194444,-54.48305554,235.09,2014,2026,13,2008-02-15
A847,ILHA DO MEL,PR,S,-25.49444444,-48.32583332,1.0,2014,2018,5,2007-03-23
A849,DIAMANTE DO NORTE,PR,S,-22.63944444,-52.89027777,368.22,2014,2026,13,2008-03-06
A850,PARANAPOEMA,PR,S,-22.65833333,-52.13444444,308.7,2014,2026,13,2008-03-04
A855,PLANALTO,PR,S,-25.72194443,-53.74805555,399.1,2014,2026,13,2007-11-07
A869,CIDADE GAUCHA,PR,S,-23.35916666,-52.93194443,365.79,2014,2026,13,2008-03-11
A871,JAPIRA,PR,S,-23.77333332,-50.18055554,692.88,2014,2026,13,2008-02-29
A872,VENTANIA,PR,S,-24.28027777,-50.21027777,1093.41,2014,2026,13,2011-04-15
A873,MORRETES,PR,S,-25.50888888,-48.80861111,50.31,2014,2026,13,2008-03-13
A874,SAO MATEUS DO SUL,PR,S,-25.83555555,-50.36888888,780.21,2014,2026,13,2011-04-17
A875,GENERAL CARNEIRO,PR,S,-26.3986111,-51.35361111,1009.01,2014,2026,13,2008-04-30
A876,CLEVELANDIA,PR,S,-26.41722221,-52.3486111,966.06,2014,2026,13,2008-05-15
B803,CAMPINA DA LAGOA,PR,S,-24.57083332,-52.80027777,598.0,2016,2026,11,2016-08-04
B804,LARANJEIRAS DO SUL,PR,S,-25.37138888,-52.40083333,889.0,2016,2026,11,2016-08-07
B806,COLOMBO,PR,S,-25.32249999,-49.15777777,950.0,2016,2026,11,2016-06-01
A601,SEROPEDICA-ECOLOGIA AGRICOLA,RJ,SE,-22.75777777,-43.68472221,35.0,2014,2026,13,2000-05-24
A602,RIO DE JANEIRO-MARAMBAIA,RJ,SE,-23.05027777,-43.59555555,12.0,2014,2026,13,2002-11-08
A603,DUQUE DE CAXIAS - XEREM,RJ,SE,-22.58972221,-43.28222221,22.0,2014,2026,13,2002-10-21
A604,CAMBUCI,RJ,SE,-21.58749999,-41.95833333,46.0,2014,2026,13,2002-11-20
A606,ARRAIAL DO CABO,RJ,SE,-22.97527777,-42.02138888,5.0,2014,2026,13,2006-09-22
A607,CAMPOS DOS GOYTACAZES,RJ,SE,-21.71472222,-41.34388888,17.0,2014,2026,13,2006-09-25
A608,MACAE,RJ,SE,-22.3761111,-41.81194444,28.0,2014,2026,13,2006-09-22
A609,RESENDE,RJ,SE,-22.45138888,-44.44499999,438.83,2014,2026,13,2006-09-29
A610,PICO DO COUTO,RJ,SE,-22.46472222,-43.29138888,1777.0,2014,2026,13,2006-10-22
A611,VALENCA,RJ,SE,-22.35805555,-43.69555555,370.0,2014,2026,13,2006-09-27
A618,TERESOPOLIS-PARQUE NACIONAL,RJ,SE,-22.4486111,-42.98694444,981.0,2014,2026,13,2006-11-01
A619,PARATY,RJ,SE,-23.2236111,-44.72694443,3.0,2014,2026,13,2006-11-19
A620,CAMPOS DOS GOYTACAZES - SAO TOME,RJ,SE,-22.04166666,-41.05166666,7.0,2014,2026,13,2008-06-13
A621,RIO DE JANEIRO - VILA MILITAR,RJ,SE,-22.86138888,-43.41138888,30.43,2014,2026,13,2007-04-13
A624,NOVA FRIBURGO - SALINAS,RJ,SE,-22.33472221,-42.67694443,1070.0,2014,2026,13,2010-09-18
A625,TRES RIOS,RJ,SE,-22.09833333,-43.20833333,295.0,2016,2026,11,2016-06-08
A626,RIO CLARO,RJ,SE,-22.653579,-44.040916,516.0,2016,2026,11,2016-06-03
A627,NITEROI,RJ,SE,-22.86749999,-43.10194444,6.0,2018,2026,9,2018-07-13
A628,ANGRA DOS REIS,RJ,SE,-22.97555554,-44.30333333,6.0,2017,2026,10,2017-08-25
A629,CARMO,RJ,SE,-21.9386111,-42.60083333,293.0,2018,2026,9,2018-10-11
A630,SANTA MARIA MADALENA,RJ,SE,-21.95055555,-42.01027777,586.0,2018,2026,9,2018-10-16
A635,ITATIAIA,RJ,SE,-22.37388888,-44.70305555,2450.0,2017,2021,5,2017-09-01
A636,RIO DE JANEIRO - JACAREPAGUA,RJ,SE,-22.93999999,-43.40277777,20.0,2017,2026,10,2017-08-10
A637,PATY DO ALFERES - AVELAR,RJ,SE,-22.34722221,-43.41777777,508.0,2022,2026,5,2022-11-10
A652,RIO DE JANEIRO - FORTE DE COPACABANA,RJ,SE,-22.98833333,-43.19055555,25.59,2014,2026,13,2007-05-18
A659,SILVA JARDIM,RJ,SE,-22.64583333,-42.41555555,19.0,2015,2026,12,2015-08-28
A667,SAQUAREMA - SAMPAIO CORREIA,RJ,SE,-22.8711111,-42.60888888,26.0,2015,2026,12,2015-09-02
A302,ARQ.SAO PEDRO E SAO PAULO,RN,NE,0.916877,-29.345904,15.0,2014,2020,7,2003-11-02
A304,NATAL,RN,NE,-5.83722221,-35.20805555,47.46,2014,2026,13,2003-02-24
A316,CAICO,RN,NE,-6.46749999,-37.08499999,171.26,2014,2026,13,2007-01-07
A317,MACAU,RN,NE,-5.15111111,-36.57305554,17.37,2014,2026,13,2007-01-06
A318,MOSSORO,RN,NE,-4.90416666,-37.36694443,29.44,2014,2026,13,2007-05-22
A340,APODI,RN,NE,-5.62666666,-37.815,131.41,2014,2026,13,2007-11-14
A344,CALCANHAR,RN,NE,-5.16,-35.48749999,9.82,2014,2026,13,2008-05-08
A367,SANTA CRUZ,RN,NE,-6.22805554,-36.02666666,227.49,2014,2026,13,2010-08-17
A372,IPANGUACU,RN,NE,-5.53499999,-36.87222221,19.0,2017,2026,10,2017-11-08
A925,PORTO VELHO,RO,N,-8.7936111,-63.84583333,86.7,2014,2026,13,2007-07-11
A938,VILHENA,RO,N,-12.73499999,-60.15777777,583.3,2014,2026,13,2008-08-26
A939,CACOAL,RO,N,-11.44583333,-61.43416666,183.53,2014,2026,13,2008-07-20
A940,ARIQUEMES,RO,N,-9.94888888,-62.96194444,128.44,2014,2026,13,2008-07-18
S101,FORTE PRINCIPE,RO,N,-12.42999999,-64.41999999,,2016,2018,3,2016-12-01
S104,DTCEA VILHENA,RO,N,-12.75055555,-60.14916666,,2016,2018,3,2016-12-01
S110,DTCEA GUAJARA-MIRIM,RO,N,-10.78999999,-65.33277777,,2016,2018,3,2016-12-01
A135,BOA VISTA,RR,N,2.81694443,-60.69083333,82.35,2014,2026,13,2010-08-26
S113,BALIZA,RR,N,0.94777777,-59.74638888,,2016,2018,3,2016-12-01
S114,PACARAIMA,RR,N,4.47749999,-61.14916666,,2016,2018,3,2016-12-01
A801,PORTO ALEGRE - JARDIM BOTANICO,RS,S,-30.05361111,-51.17472221,41.18,2014,2026,13,2000-09-22
A802,RIO GRANDE,RS,S,-32.07888888,-52.16777777,4.92,2014,2026,13,2001-11-16
A803,SANTA MARIA,RS,S,-29.72499999,-53.72055554,105.0,2014,2026,13,2001-11-26
A804,SANTANA DO LIVRAMENTO,RS,S,-30.75055555,-55.40138888,196.0,2014,2026,13,2001-11-22
A805,SANTO AUGUSTO,RS,S,-27.85444444,-53.7911111,489.67,2014,2026,13,2001-12-05
A808,TORRES,RS,S,-29.35027777,-49.73333333,8.44,2014,2023,10,2006-06-01
A809,URUGUAIANA,RS,S,-29.83999999,-57.08194443,74.29,2014,2026,13,2006-09-28
A810,SANTA ROSA,RS,S,-27.84805555,-54.45222222,329.0,2014,2026,13,2006-11-15
A811,CANGUCU,RS,S,-31.40333333,-52.70083333,446.81,2014,2026,13,2007-01-24
A812,CACAPAVA DO SUL,RS,S,-30.54527777,-53.46694443,420.82,2014,2026,13,2006-06-22
A813,RIO PARDO,RS,S,-29.87222221,-52.38194443,106.99,2014,2026,13,2006-09-30
A826,ALEGRETE,RS,S,-29.70916666,-55.52555554,121.0,2014,2026,13,2006-09-28
A827,BAGE,RS,S,-31.34777777,-54.01333333,226.19,2014,2026,13,2007-01-04
A828,ERECHIM,RS,S,-27.65777777,-52.30583333,777.08,2014,2026,13,2006-11-25
A829,SAO JOSE DOS AUSENTES,RS,S,-28.7486111,-50.05777777,1228.59,2014,2026,13,2006-10-26
A830,SAO BORJA,RS,S,-28.65,-56.01638888,79.0,2014,2026,13,2007-07-21
A831,QUARAI,RS,S,-30.3686111,-56.43722221,103.0,2014,2026,13,2007-10-17
A832,SAO GABRIEL,RS,S,-30.34138888,-54.31083333,114.89,2014,2026,13,2007-07-11
A833,SANTIAGO,RS,S,-29.19166666,-54.88555555,390.03,2014,2026,13,2009-02-04
A834,TRAMANDAI,RS,S,-30.01027777,-50.13583333,4.56,2014,2026,13,2008-03-09
A836,JAGUARAO,RS,S,-32.53472221,-53.37583332,31.48,2014,2026,13,2007-01-09
A837,SOLEDADE,RS,S,-28.85916666,-52.54249999,660.44,2014,2026,13,2008-03-01
A838,CAMAQUA,RS,S,-30.80805555,-51.83416666,92.3,2014,2026,13,2006-12-12
A839,PASSO FUNDO,RS,S,-28.22666666,-52.40361111,680.67,2014,2026,13,2006-11-27
A840,BENTO GONCALVES,RS,S,-29.16444444,-51.53416666,639.0,2014,2026,13,2006-12-01
A844,LAGOA VERMELHA,RS,S,-28.22249999,-51.51277777,833.83,2014,2026,13,2007-03-02
A852,SAO LUIZ GONZAGA,RS,S,-28.41722221,-54.9625,245.5,2014,2026,13,2007-07-25
A853,CRUZ ALTA,RS,S,-28.60333333,-53.6736111,426.69,2014,2026,13,2007-05-31
A854,FREDERICO WESTPHALEN,RS,S,-27.39555555,-53.42944443,489.42,2014,2026,13,2007-12-14
A856,PALMEIRA DAS MISSOES,RS,S,-27.92027777,-53.31805554,614.11,2014,2026,13,2008-02-26
A878,TAVARES - FAROL DE MOSTARDAS,RS,S,-31.24833333,-50.90638888,3.82,2014,2026,13,2008-03-11
A879,CANELA,RS,S,-29.36888888,-50.82722221,830.93,2014,2026,13,2008-08-23
A880,VACARIA,RS,S,-28.51361111,-50.88277777,969.89,2014,2026,13,2008-04-26
A881,DOM PEDRITO,RS,S,-31.0025,-54.61805554,150.0,2014,2026,13,2010-04-23
A882,TEUTONIA,RS,S,-29.44916666,-51.82333332,81.0,2014,2026,13,2012-10-04
A883,IBIRUBA,RS,S,-28.65333333,-53.11194444,455.27,2014,2026,13,2012-12-13
A884,CAMPO BOM,RS,S,-29.67416666,-51.06416666,23.35,2014,2026,13,2013-11-29
A886,TUPANCIRETA,RS,S,-29.08944444,-53.82666666,462.0,2016,2026,11,2016-08-11
A887,CAPAO DO LEAO (PELOTAS),RS,S,-31.8025,-52.40722222,13.0,2019,2026,8,2019-07-18
A889,SAO VICENTE DO SUL,RS,S,-29.70222222,-54.69444444,134.0,2016,2026,11,2016-04-06
A893,ENCRUZILHADA DO SUL,RS,S,-30.54305555,-52.52472221,427.75,2018,2026,9,2018-03-15
A894,SERAFINA CORREA,RS,S,-28.70472222,-51.87083332,485.29,2016,2026,11,2016-04-01
A897,CAMBARA DO SUL,RS,S,-29.04916666,-50.14972221,1017.0,2016,2026,11,2016-11-24
A899,SANTA VITORIA DO PALMAR - BARRA DO CHUI,RS,S,-33.74222221,-53.37222221,7.41,2014,2026,13,2008-03-08
B807,PORTO ALEGRE- BELEM NOVO,RS,S,-30.1861111,-51.17805554,3.3,2022,2024,3,2022-12-08
B808,CACHOEIRINHA,RS,S,-29.95138888,-51.12416666,72.0,2025,2026,2,2025-02-18
B809,SAPUCAIA DO SUL,RS,S,-29.81388888,-51.15666666,23.0,2025,2026,2,2025-05-01
B810,PARQUE ELDORADO,RS,S,-30.09666666,-51.67388888,50.0,2025,2026,2,2025-02-18
B811,SERTAO SANTANA,RS,S,-30.49416666,-51.66333333,116.0,2025,2026,2,2025-08-14
B812,CHARQUEADAS,RS,S,-29.96555555,-51.62555554,23.0,2025,2026,2,2025-05-01
B813,MINAS DO LEAO,RS,S,-30.12444443,-52.05083333,54.0,2025,2026,2,2025-08-01
B814,MONTENEGRO,RS,S,-29.75861111,-51.4361111,15.0,2025,2026,2,2025-08-01
B815,TAQUARI,RS,S,-29.79166666,-51.82749999,53.0,2026,2026,1,2025-08-14
B816,SANTA MARIA DO HERVAL,RS,S,-29.47916666,-51.01333333,650.0,2025,2026,2,2025-08-21
B817,CAXIAS DO SUL - CRIUVA,RS,S,-28.87416666,-50.97555554,857.0,2025,2026,2,2025-08-01
B818,CAXIAS DO SUL - AEROPORTO,RS,S,-29.1961111,-51.18638888,756.0,2025,2026,2,2025-08-14
B819,ROLANTE,RS,S,-29.65583333,-50.61805554,69.0,2025,2026,2,2025-08-18
B820,SAO FRANCISCO DE PAULA,RS,S,-29.44222221,-50.56027777,886.0,2025,2026,2,2025-08-18
B821,SANTANA DA BOA VISTA,RS,S,-30.85861111,-53.15555555,138.0,2025,2026,2,2025-09-17
B822,CACHOEIRA DO SUL,RS,S,-30.01833332,-52.93888888,73.0,2025,2026,2,2025-09-17
B823,PINHEIRO MACHADO,RS,S,-31.57472221,-53.38833333,419.0,2025,2026,2,2025-09-17
B824,VIAMAO,RS,S,-30.11527777,-50.92916666,65.0,2026,2026,1,2026-03-17
B825,PORTO ALEGRE - BELEM NOVO,RS,S,-30.1861111,-51.17833332,3.3,2025,2026,2,2025-05-01
B826,HERVAL,RS,S,-32.01277777,-53.40305555,331.0,2025,2026,2,2025-09-17
B827,BAGE - CENTRO,RS,S,-31.30555555,-54.01333333,226.2,2025,2026,2,2025-08-01
B828,ACEGUA,RS,S,-31.87472221,-54.11972221,271.0,2025,2026,2,2025-09-17
B829,SANTA VITORIA DO PALMAR (RESERVA DO TAIM),RS,S,-32.83583333,-52.6436111,2.0,2025,2026,2,2025-09-17
B830,SANTA VITORIA DO PALMAR (CENTRO),RS,S,-33.53166666,-53.35027777,29.0,2025,2026,2,2025-09-18
B831,SAO LOURENCO DO SUL,RS,S,-31.34055555,-52.01083333,3.0,2026,2026,1,2025-09-17
B832,CAPAO DA CANOA,RS,S,-29.68527777,-49.99305555,0.0,2025,2026,2,2025-10-13
B833,CRUZ ALTA ( CENTRO),RS,S,-28.62583332,-53.61361111,475.0,2026,2026,1,2025-10-13
B834,GARRUCHOS,RS,S,-28.19694444,-55.62972221,0.0,2026,2026,1,2025-10-13
B835,JOIA,RS,S,-28.65027777,-54.11277777,0.0,2026,2026,1,2025-10-13
B836,PALMARES DO SUL,RS,S,-30.24916666,-50.50916666,4.0,2025,2026,2,2025-10-13
B837,PORTO XAVIER,RS,S,-27.90277777,-55.16722221,0.0,2026,2026,1,2025-10-13
B838,SALTO DO JACUI,RS,S,-29.09638888,-53.2125,322.0,2026,2026,1,2025-10-13
B839,SANTO ANTONIO DA PATRULHA,RS,S,-29.81611111,-50.53333333,47.0,2025,2026,2,2025-10-13
B840,SOBRADINHO,RS,S,-29.39833333,-53.01361111,379.0,2026,2026,1,2025-10-31
B841,TORRES-AEROPORTO,RS,S,-29.41361111,-49.80361111,0.0,2025,2026,2,2025-10-13
B842,CARAZINHO,RS,S,-28.32333332,-52.81444444,581.0,2026,2026,1,2025-12-01
B843,AJURICABA,RS,S,-28.22083332,-53.6736111,416.0,2026,2026,1,2025-12-02
B844,SANTO ANGELO,RS,S,-28.27805554,-54.27388888,270.0,2026,2026,1,2026-02-25
B845,ESPERANCA DO SUL,RS,S,-27.37416666,-53.96916666,409.0,2026,2026,1,2025-12-12
B846,NONOAI,RS,S,-27.35861111,-52.77805554,546.0,2026,2026,1,2025-12-17
B847,ALEGRETE (MARONNA),RS,S,-29.82138888,-55.88722221,120.0,2026,2026,1,2026-02-04
B848,BARRA DO QUARAI,RS,S,-30.11166666,-57.3361111,91.0,2026,2026,1,2026-01-27
B849,ITACURUBI,RS,S,-28.69916666,-55.38055554,148.0,2026,2026,1,2026-01-21
B850,ITAQUI,RS,S,-29.15555555,-56.55555555,71.0,2026,2026,1,2026-01-28
B851,MACAMBARA,RS,S,-29.15527777,-56.1786111,95.0,2026,2026,1,2026-04-29
B852,DILERMANDO DE AGUIAR,RS,S,-29.72555554,-54.18805555,143.0,2026,2026,1,2026-02-04
B853,LAVRAS DO SUL,RS,S,-30.7886111,-53.89416666,390.0,2026,2026,1,2026-04-30
B854,FAXINAL DO SOTURNO,RS,S,-29.58749999,-53.42749999,70.0,2026,2026,1,2026-03-11
B855,Rosario do Sul,RS,S,-30.25972222,-54.90222222,115.0,2026,2026,1,2026-03-31
B856,BOM JESUS (INMET),RS,S,-28.66944443,-50.44194444,1054.0,2026,2026,1,2026-03-03
B857,BOM JESUS - SANTO INACIO,RS,S,-28.51388888,-50.16777777,1132.0,2026,2026,1,2026-03-03
B858,CASCA,RS,S,-28.56361111,-51.96916666,602.0,2026,2026,1,2026-02-24
B859,MUCUM,RS,S,-29.15361111,-51.86527777,197.0,2026,2026,1,2026-02-24
B860,RELVADO,RS,S,-29.10444444,-52.05277777,301.0,2026,2026,1,2026-02-24
B861,SAO JOSE DO OURO,RS,S,-27.77249999,-51.58666666,803.0,2026,2026,1,2026-02-26
B862,MOSTARDAS - BACUPARI,RS,S,-30.50611111,-50.41999999,20.0,2026,2026,1,2026-03-09
A806,FLORIANOPOLIS,SC,S,-27.6025,-48.61999999,4.87,2014,2026,13,2003-01-22
A814,URUSSANGA,SC,S,-28.53249999,-49.31527777,40.56,2014,2026,13,2008-05-29
A815,SAO JOAQUIM,SC,S,-28.27555554,-49.93472221,1400.06,2014,2026,13,2008-04-12
A816,NOVO HORIZONTE,SC,S,-26.40638888,-52.85027777,943.57,2014,2026,13,2008-09-20
A817,INDAIAL,SC,S,-26.91361111,-49.26805554,72.24,2014,2026,13,2006-07-02
A841,JOACABA,SC,S,-27.16916666,-51.55888888,767.63,2014,2026,13,2007-09-20
A845,BOM JARDIM DA SERRA - MORRO DA IGREJA,SC,S,-28.12694443,-49.47972221,1790.38,2014,2026,13,2007-06-17
A848,DIONISIO CERQUEIRA,SC,S,-26.286562,-53.633114,807.54,2014,2026,13,2008-05-31
A851,ITAPOA,SC,S,-26.08138888,-48.64166666,6.18,2014,2026,13,2007-06-06
A857,SAO MIGUEL DO OESTE,SC,S,-26.78638888,-53.51416666,647.0,2014,2026,13,2008-03-12
A858,XANXERE,SC,S,-26.9386111,-52.39805555,878.74,2014,2026,13,2008-03-15
A859,CACADOR,SC,S,-26.81916666,-50.98555555,944.26,2014,2026,13,2008-03-19
A860,CURITIBANOS,SC,S,-27.2886111,-50.60416666,978.1,2014,2026,13,2008-02-28
A861,RIO DO CAMPO,SC,S,-26.93749999,-50.14555555,591.67,2014,2026,13,2008-03-10
A862,RIO NEGRINHO,SC,S,-26.2486111,-49.57416666,856.0,2014,2026,13,2008-03-22
A863,ITUPORANGA,SC,S,-27.41833332,-49.64694444,479.79,2014,2026,13,2008-03-04
A864,MAJOR VIEIRA,SC,S,-26.3936111,-50.36333333,799.58,2014,2026,13,2009-02-09
A865,LAGES,SC,S,-27.80222222,-50.33555555,952.7,2014,2026,13,2014-11-06
A866,Laguna  - Farol de Santa Marta,SC,S,-28.60444444,-48.81333333,34.36,2014,2026,13,2008-06-01
A867,ARARANGUA,SC,S,-28.931353,-49.49792,2.0,2014,2026,13,2008-09-28
A868,ITAJAI,SC,S,-26.95083333,-48.76194444,9.76,2014,2026,13,2010-06-24
A870,RANCHO QUEIMADO,SC,S,-27.6786111,-49.04194444,881.0,2016,2026,11,2016-05-31
A895,CHAPECO,SC,S,-27.08527777,-52.63583333,679.0,2019,2026,8,2019-02-19
A898,CAMPOS NOVOS,SC,S,-27.3886111,-51.21583333,963.0,2019,2026,8,2019-02-15
A409,ARACAJU,SE,NE,-10.9525,-37.05444444,3.72,2014,2026,13,2003-02-12
A417,ITABAIANINHA,SE,NE,-11.27249999,-37.79499999,204.8,2014,2026,13,2007-05-23
A419,POCO VERDE,SE,NE,-10.73805555,-38.10833333,367.01,2014,2026,13,2008-04-03
A420,CARIRA,SE,NE,-10.39972221,-37.74749999,289.92,2014,2022,9,2008-03-28
A421,BREJO GRANDE,SE,NE,-10.47388888,-36.48194443,6.11,2014,2026,13,2008-07-17
A451,ITABAIANA,SE,NE,-10.67166666,-37.47138888,213.0,2017,2026,10,2017-04-24
A453,NOSSA SENHORA DA GLORIA,SE,NE,-10.20777777,-37.43194443,271.0,2017,2026,10,2017-03-24
A701,SAO PAULO - MIRANTE,SP,SE,-23.4962888,-46.6200666,785.64,2014,2026,13,2006-07-25
A705,BAURU,SP,SE,-22.35805555,-49.02888888,636.17,2014,2026,13,2001-08-30
A706,CAMPOS DO JORDAO,SP,SE,-22.75027777,-45.60388888,1662.95,2014,2026,13,2002-03-13
A707,PRESIDENTE PRUDENTE,SP,SE,-22.11999999,-51.40861111,431.92,2014,2026,13,2003-02-04
A708,FRANCA,SP,SE,-20.58444444,-47.38249999,1002.74,2014,2026,13,2002-12-12
A711,SAO CARLOS,SP,SE,-21.98027777,-47.88388888,859.29,2014,2026,13,2006-09-04
A712,IGUAPE,SP,SE,-24.67166666,-47.54583333,2.7,2014,2026,13,2006-07-20
A713,IPERO,SP,SE,-23.4261111,-47.58555555,609.33,2014,2026,13,2006-08-22
A714,ITAPEVA,SP,SE,-23.98194443,-48.88583333,743.33,2014,2026,13,2006-07-25
A715,SAO MIGUEL ARCANJO,SP,SE,-23.89083333,-47.99916666,710.0,2014,2026,13,2006-08-15
A716,OURINHOS,SP,SE,-23.00055555,-49.84333333,500.0,2014,2026,12,2006-08-29
A718,RANCHARIA,SP,SE,-22.37277777,-50.97472221,398.75,2014,2026,13,2006-09-01
A725,AVARE,SP,SE,-23.10166666,-48.9411111,776.36,2014,2026,13,2006-09-22
A726,PIRACICABA,SP,SE,-22.70305555,-47.62333332,566.46,2014,2026,13,2006-09-26
A727,LINS,SP,SE,-21.66611111,-49.73472221,460.65,2014,2026,13,2006-09-20
A728,TAUBATE,SP,SE,-23.04166666,-45.52083332,582.26,2014,2026,13,2006-12-20
A729,VOTUPORANGA,SP,SE,-20.40333333,-49.96611111,510.37,2014,2021,8,2006-12-04
A733,JALES,SP,SE,-20.165,-50.59499999,460.44,2014,2026,13,2007-08-22
A734,VALPARAISO,SP,SE,-21.31916666,-50.93027777,381.9,2014,2026,13,2007-08-30
A735,JOSE BONIFACIO,SP,SE,-21.08555555,-49.92027777,408.35,2014,2026,13,2007-09-03
A736,ARIRANHA,SP,SE,-21.13305554,-48.84055555,525.44,2014,2026,13,2007-11-13
A737,IBITINGA,SP,SE,-21.85555555,-48.79972221,496.75,2014,2026,13,2007-11-09
A738,CASA BRANCA,SP,SE,-21.78055554,-47.07527777,734.15,2014,2026,13,2007-06-25
A739,ITAPIRA,SP,SE,-22.415,-46.80527777,634.89,2014,2026,13,2007-11-05
A740,SAO LUIZ DO PARAITINGA,SP,SE,-23.22833332,-45.41694443,874.0,2014,2026,13,2007-11-01
A741,BARRA BONITA,SP,SE,-22.4711111,-48.5575,533.68,2014,2026,13,2008-04-24
A744,BRAGANCA PAULISTA,SP,SE,-22.94916666,-46.5261111,891.0,2017,2026,10,2017-12-20
A746,BARRA DO TURVO,SP,SE,-24.96277777,-48.41638888,659.89,2014,2026,13,2008-07-03
A747,PRADOPOLIS,SP,SE,-21.33833333,-48.11388888,544.0,2014,2026,13,2008-04-22
A748,BARRETOS,SP,SE,-20.55916666,-48.54499999,534.36,2014,2026,13,2010-06-19
A753,ITUVERAVA,SP,SE,-20.35972222,-47.77527777,610.58,2014,2026,13,2008-07-17
A755,BARUERI,SP,SE,-23.52388888,-46.86944443,776.5,2014,2026,13,2011-03-29
A762,DRACENA,SP,SE,-21.45777777,-51.55222222,383.0,2016,2026,11,2016-11-03
A763,MARILIA,SP,SE,-22.23527777,-49.965,660.0,2017,2026,10,2017-05-15
A764,BEBEDOURO,SP,SE,-20.94805555,-48.47138888,542.0,2016,2026,10,2016-10-27
A765,BERTIOGA,SP,SE,-23.84472221,-46.14333333,5.0,2017,2026,10,2017-02-01
A766,REGISTRO,SP,SE,-24.53305554,-47.86416666,35.0,2017,2026,10,2017-02-09
A767,SAO SEBASTIAO,SP,SE,-23.81083333,-45.4025,24.0,2017,2021,5,2017-10-25
A768,TUPA,SP,SE,-21.92722221,-50.49027777,498.0,2017,2026,10,2017-05-12
A769,CACHOEIRA PAULISTA,SP,SE,-22.68888888,-45.00555555,586.0,2017,2026,10,2017-10-20
A770,SAO SIMAO,SP,SE,-21.46111111,-47.57944443,620.0,2019,2026,8,2019-07-03
A771,SAO PAULO - INTERLAGOS,SP,SE,-23.72444443,-46.67749999,771.0,2018,2026,9,2018-03-14
C891,CRIOSFERA,SP,SE,-84.0,-79.49416666,1285.0,2020,2020,1,2012-01-09
A009,PALMAS,TO,N,-10.14777777,-48.31444444,267.0,2014,2026,13,2004-12-17
A010,PARANA,TO,N,-12.615,-47.87194443,284.96,2014,2026,13,2005-03-04
A018,PEIXE,TO,N,-12.01527777,-48.54444444,250.87,2014,2026,13,2006-12-01
A019,GURUPI,TO,N,-11.74499999,-49.05166666,274.0,2014,2026,13,2006-12-20
A020,PEDRO AFONSO,TO,N,-8.9686111,-48.17722221,189.71,2014,2026,13,2007-01-23
A021,ARAGUAINA,TO,N,-7.10388888,-48.20111111,230.76,2014,2026,13,2007-01-26
A038,DIANOPOLIS,TO,N,-11.59444444,-46.84722221,727.87,2014,2026,13,2008-08-30
A039,FORMOSO DO ARAGUAIA,TO,N,-11.88749999,-49.60833333,215.2,2014,2026,13,2008-04-27
A040,MATEIROS,TO,N,-10.43444444,-45.92194443,791.0,2014,2026,13,2012-10-25
A041,MARIANOPOLIS DO TO,TO,N,-9.57638888,-49.72333332,186.69,2014,2026,13,2012-11-24
A043,CAMPOS LINDOS,TO,N,-8.15472222,-46.63944444,426.56,2014,2026,13,2012-10-29
A044,ARAGUATINS,TO,N,-5.6436111,-48.11194444,130.71,2014,2026,13,2009-03-12
A048,SANTA FE DO ARAGUAIA,TO,N,-7.12416666,-48.78138888,171.0,2016,2026,11,2016-07-30
A049,COLINAS DO TOCANTINS,TO,N,-8.09277777,-48.4786111,200.0,2016,2026,11,2016-11-11
A050,RIO SONO,TO,N,-9.79333333,-47.13277777,291.0,2016,2026,11,2016-08-03
A051,PIUM,TO,N,-10.47694443,-49.62944443,161.0,2016,2026,11,2016-04-06
A052,SANTA ROSA DO TOCANTINS,TO,N,-11.42888888,-48.18499999,306.0,2015,2026,12,2015-08-14
A053,ALMAS,TO,N,-11.28416666,-47.21222222,503.0,2016,2026,11,2016-04-01
A054,ARAGUACU,TO,N,-12.59222221,-49.5286111,231.0,2015,2026,12,2015-08-19
A055,LAGOA DA CONFUSAO,TO,N,-10.828286,-49.847882,178.0,2016,2026,11,2016-11-15
