id_ano_comercializacao;id_mes_comercializacao;municipio_origem_produto;cod_ibge_municipio_origem_produto;uf_origem_produto;dsc_ceasa;uf_ceasa;municipio_ceasa;cod_ibge_municipio_ceasa;dsc_produto;qtd_comercializada_kg;valor_comercializado;pais_origem
2021;7;NÃO INFORMADO                           ;9999999                       ;NI;CEASA/SP - CAMPINAS                     ;SP;CAMPINAS-SP                             ;3509502                       ;MACA IMPORTADA                ;931;7833,34;Argentina                               
2021;7;NÃO INFORMADO                           ;9999999                       ;NI;CEASA/SP - CAMPINAS                     ;SP;CAMPINAS-SP                             ;3509502                       ;MACA IMPORTADA                ;5404;44673,79;Argentina                               
2021;7;NÃO INFORMADO                           ;9999999                       ;NI;CEASA/SP - CAMPINAS                     ;SP;CAMPINAS-SP                             ;3509502                       ;CEBOLA AMARELA                ;10000;15383,0;Argentina                               
2021;7;NÃO INFORMADO                           ;9999999                       ;NI;CEASA/SP - CAMPINAS                     ;SP;CAMPINAS-SP                             ;3509502                       ;ALHO IMPORTADO                ;78000;1284979,8;Argentina                               
2021;7;NÃO INFORMADO                           ;9999999                       ;NI;CEASA/ES - VITORIA                      ;ES;CARIACICA-ES                            ;3201308                       ;ALHO IMPORTADO                ;247850;3668169,93;Argentina                               
2021;7;NÃO INFORMADO                           ;9999999                       ;NI;CEASA/PR - CURITIBA                     ;PR;CURITIBA-PR                             ;4106902                       ;TANGERINA IMP                 ;400;3400,0;Espanha                                 
2021;7;NÃO INFORMADO                           ;9999999                       ;NI;CEASA/PR - CURITIBA                     ;PR;CURITIBA-PR                             ;4106902                       ;PERA WILLIAMS                 ;400;2300,0;Espanha                                 
2021;7;NÃO INFORMADO                           ;9999999                       ;NI;CEAGESP - SAO PAULO                     ;SP;SÃO PAULO-SP                            ;3550308                       ;AMEIXA IMPORT                 ;1547168;17003376,32;Espanha                                 
2021;7;NÃO INFORMADO                           ;9999999                       ;NI;CEAGESP - SAO PAULO                     ;SP;SÃO PAULO-SP                            ;3550308                       ;ALHO IMPORTADO                ;153350;2370791,0;Espanha                                 
2021;7;NÃO INFORMADO                           ;9999999                       ;NI;CEASA/PR - CURITIBA                     ;PR;CURITIBA-PR                             ;4106902                       ;PERA D'ANJOU                  ;700;3850,0;Espanha                                 
2021;7;NÃO INFORMADO                           ;9999999                       ;NI;CEASA/PR - CURITIBA                     ;PR;CURITIBA-PR                             ;4106902                       ;PESSEGO IMPORTADO             ;18450;205725,0;Espanha                                 
2021;7;NÃO INFORMADO                           ;9999999                       ;NI;CEASA/PR - CURITIBA                     ;PR;CURITIBA-PR                             ;4106902                       ;NECTARINA IMPORTADA           ;19944;219775,0;Espanha                                 
2021;7;NÃO INFORMADO                           ;9999999                       ;NI;CEASA/PR - CURITIBA                     ;PR;CURITIBA-PR                             ;4106902                       ;MELAO IMPORTADO               ;348;2320,0;Espanha                                 
2021;7;NÃO INFORMADO                           ;9999999                       ;NI;CEAGESP - SAO PAULO                     ;SP;SÃO PAULO-SP                            ;3550308                       ;ASPARGO                       ;17173;927513,73;Peru                                    
2021;7;NÃO INFORMADO                           ;9999999                       ;NI;CEASA/PR - CURITIBA                     ;PR;CURITIBA-PR                             ;4106902                       ;MACA GRAND SMITH              ;2646;19110,0;Espanha                                 
2021;7;NÃO INFORMADO                           ;9999999                       ;NI;CEASA/PR - CURITIBA                     ;PR;CURITIBA-PR                             ;4106902                       ;UVA IMPORTADA                 ;135;1350,0;Argentina                               
2021;7;NÃO INFORMADO                           ;9999999                       ;NI;CEAGESP - SAO PAULO                     ;SP;SÃO PAULO-SP                            ;3550308                       ;MIRTILO IMPORTADO             ;8280;662400,0;Peru                                    
2021;7;NÃO INFORMADO                           ;9999999                       ;NI;CEASA/PR - CURITIBA                     ;PR;CURITIBA-PR                             ;4106902                       ;ALHO IMPORTADO                ;3310;52960,0;Espanha                                 
2021;7;NÃO INFORMADO                           ;9999999                       ;NI;CEASA/PR - CURITIBA                     ;PR;CURITIBA-PR                             ;4106902                       ;AMEIXA IMPORT                 ;50;550,0;Argentina                               
2021;7;NÃO INFORMADO                           ;9999999                       ;NI;CEASA/PR - CURITIBA                     ;PR;CURITIBA-PR                             ;4106902                       ;PERA WILLIAMS                 ;98640;567180,0;Argentina                               
2021;7;NÃO INFORMADO                           ;9999999                       ;NI;CEASA/PR - CURITIBA                     ;PR;CURITIBA-PR                             ;4106902                       ;LARANJA IMPORTADA             ;49270;257285,0;Espanha                                 
2021;7;NÃO INFORMADO                           ;9999999                       ;NI;CEASA/PR - CURITIBA                     ;PR;CURITIBA-PR                             ;4106902                       ;PERA PACK TRIUMPH             ;18440;101420,0;Argentina                               
2021;7;NÃO INFORMADO                           ;9999999                       ;NI;CEAGESP - SAO PAULO                     ;SP;SÃO PAULO-SP                            ;3550308                       ;GRANADILLA                    ;240;3600,0;Colômbia                                
2021;7;NÃO INFORMADO                           ;9999999                       ;NI;CEAGESP - SAO PAULO                     ;SP;SÃO PAULO-SP                            ;3550308                       ;PHYSALIS                      ;5290;264500,0;Colômbia                                
2021;7;NÃO INFORMADO                           ;9999999                       ;NI;CEASA/PR - CURITIBA                     ;PR;CURITIBA-PR                             ;4106902                       ;CEREJA IMPORTADA              ;8;360,0;Argentina                               
2021;7;NÃO INFORMADO                           ;9999999                       ;NI;CEASA/PR - CURITIBA                     ;PR;CURITIBA-PR                             ;4106902                       ;PERA D'ANJOU                  ;64680;355740,0;Argentina                               
2021;7;NÃO INFORMADO                           ;9999999                       ;NI;CEAGESP - SAO PAULO                     ;SP;SÃO PAULO-SP                            ;3550308                       ;PITAYA                        ;105;2625,0;Colômbia                                
2021;7;NÃO INFORMADO                           ;9999999                       ;NI;CEAGESP - SAO PAULO                     ;SP;SÃO PAULO-SP                            ;3550308                       ;ROSA                          ;628;78613,04;Colômbia                                
2021;7;NÃO INFORMADO                           ;9999999                       ;NI;CEAGESP - SAO PAULO                     ;SP;SÃO PAULO-SP                            ;3550308                       ;TAMARILLO                     ;3;75,0;Colômbia                                
2021;7;NÃO INFORMADO                           ;9999999                       ;NI;CEASA/PR - CURITIBA                     ;PR;CURITIBA-PR                             ;4106902                       ;KIWI IMPORTADO                ;5200;78000,0;Espanha                                 
2021;7;NÃO INFORMADO                           ;9999999                       ;NI;CEASA/PR - CURITIBA                     ;PR;CURITIBA-PR                             ;4106902                       ;PESSEGO IMPORTADO             ;2034;21990,0;Argentina                               
2021;7;NÃO INFORMADO                           ;9999999                       ;NI;CEASA/PR - CURITIBA                     ;PR;CURITIBA-PR                             ;4106902                       ;CEREJA IMPORTADA              ;108;6750,0;Espanha                                 
2021;7;NÃO INFORMADO                           ;9999999                       ;NI;CEASA/PR - CURITIBA                     ;PR;CURITIBA-PR                             ;4106902                       ;CEBOLA IMPORTADA              ;1000;2250,0;Espanha                                 
2021;7;NÃO INFORMADO                           ;9999999                       ;NI;CEASA/PR - CURITIBA                     ;PR;CURITIBA-PR                             ;4106902                       ;ASPARGO                       ;17;837,0;Espanha                                 
2021;7;NÃO INFORMADO                           ;9999999                       ;NI;CEAGESP - SAO PAULO                     ;SP;SÃO PAULO-SP                            ;3550308                       ;DAMASCO IMPORTADO             ;1875;37500,0;Turquia                                 
2021;7;NÃO INFORMADO                           ;9999999                       ;NI;CEASA/ES - VITORIA                      ;ES;CARIACICA-ES                            ;3201308                       ;UVA PASSAS                    ;54500;586082,1;Argentina                               
2021;7;NÃO INFORMADO                           ;9999999                       ;NI;CEASA/ES - VITORIA                      ;ES;CARIACICA-ES                            ;3201308                       ;UVA RED GLOBE                 ;3200;28800,0;Argentina                               
2021;7;NÃO INFORMADO                           ;9999999                       ;NI;CEASA/ES - VITORIA                      ;ES;CARIACICA-ES                            ;3201308                       ;PERA IMPORTADA                ;10800;75146,4;Argentina                               
2021;7;NÃO INFORMADO                           ;9999999                       ;NI;CEASA/RS - PORTO ALEGRE                 ;RS;PORTO ALEGRE-RS                         ;4314902                       ;UVA IMPORTADA                 ;9796;110205,0;Argentina                               
2021;7;NÃO INFORMADO                           ;9999999                       ;NI;CEASA/PR - CURITIBA                     ;PR;CURITIBA-PR                             ;4106902                       ;CEBOLA IMPORTADA              ;16000;36000,0;Argentina                               
2021;7;NÃO INFORMADO                           ;9999999                       ;NI;CEASA/PR - CURITIBA                     ;PR;CURITIBA-PR                             ;4106902                       ;NECTARINA IMPORTADA           ;63;700,0;Argentina                               
2021;7;NÃO INFORMADO                           ;9999999                       ;NI;CEASA/PR - CURITIBA                     ;PR;CURITIBA-PR                             ;4106902                       ;ASPARGO                       ;162;8354,0;Argentina                               
2021;7;NÃO INFORMADO                           ;9999999                       ;NI;CEASA/PR - CURITIBA                     ;PR;CURITIBA-PR                             ;4106902                       ;ALHO IMPORTADO                ;13970;223520,0;Argentina                               
2021;7;NÃO INFORMADO                           ;9999999                       ;NI;CEASA/PR - CURITIBA                     ;PR;CURITIBA-PR                             ;4106902                       ;MACA GRAND SMITH              ;36126;276610,0;Argentina                               
2021;7;NÃO INFORMADO                           ;9999999                       ;NI;CEASA/PR - CURITIBA                     ;PR;CURITIBA-PR                             ;4106902                       ;MACA RED DELICIOUS            ;57133;386100,0;Argentina                               
2021;7;NÃO INFORMADO                           ;9999999                       ;NI;CEASA/PR - CURITIBA                     ;PR;CURITIBA-PR                             ;4106902                       ;LARANJA IMPORTADA             ;890;6675,0;Argentina                               
2021;7;NÃO INFORMADO                           ;9999999                       ;NI;CEASA/PR - CURITIBA                     ;PR;CURITIBA-PR                             ;4106902                       ;KIWI IMPORTADO                ;740;11200,0;Argentina                               
2021;7;NÃO INFORMADO                           ;9999999                       ;NI;CEASA/RS - PORTO ALEGRE                 ;RS;PORTO ALEGRE-RS                         ;4314902                       ;PERA WILLIAMS                 ;175860;1091079,36;Argentina                               
2021;7;NÃO INFORMADO                           ;9999999                       ;NI;CEASA/RS - PORTO ALEGRE                 ;RS;PORTO ALEGRE-RS                         ;4314902                       ;PERA VERMELHA                 ;1926;9090,72;Argentina                               
2021;7;NÃO INFORMADO                           ;9999999                       ;NI;CEASA/RS - PORTO ALEGRE                 ;RS;PORTO ALEGRE-RS                         ;4314902                       ;PERA D'ANJOU                  ;597;3313,35;Argentina                               
2021;7;NÃO INFORMADO                           ;9999999                       ;NI;CEASA/RS - PORTO ALEGRE                 ;RS;PORTO ALEGRE-RS                         ;4314902                       ;PERA ASIATICA                 ;176;1173,92;Argentina                               
2021;7;NÃO INFORMADO                           ;9999999                       ;NI;CEASA/RS - PORTO ALEGRE                 ;RS;PORTO ALEGRE-RS                         ;4314902                       ;PIMENTAO VERDE                ;18200;100100,0;Argentina                               
2021;7;NÃO INFORMADO                           ;9999999                       ;NI;CEASA/RS - PORTO ALEGRE                 ;RS;PORTO ALEGRE-RS                         ;4314902                       ;MIRTILO                       ;30;3249,9;Argentina                               
2021;7;NÃO INFORMADO                           ;9999999                       ;NI;CEASA/RS - PORTO ALEGRE                 ;RS;PORTO ALEGRE-RS                         ;4314902                       ;MACA RED DELICIOUS            ;108678;695191,4;Argentina                               
2021;7;NÃO INFORMADO                           ;9999999                       ;NI;CEASA/RS - PORTO ALEGRE                 ;RS;PORTO ALEGRE-RS                         ;4314902                       ;MACA GALA                     ;2646;23496,48;Argentina                               
2021;7;NÃO INFORMADO                           ;9999999                       ;NI;CEASA/RS - PORTO ALEGRE                 ;RS;PORTO ALEGRE-RS                         ;4314902                       ;MACA GRAND SMITH              ;1446;10776,1;Argentina                               
2021;7;NÃO INFORMADO                           ;9999999                       ;NI;CEAGESP - SAO PAULO                     ;SP;SÃO PAULO-SP                            ;3550308                       ;UVA IMPORTADA                 ;6856;72810,72;Argentina                               
2021;7;NÃO INFORMADO                           ;9999999                       ;NI;CEAGESP - SAO PAULO                     ;SP;SÃO PAULO-SP                            ;3550308                       ;PERA IMPORTADA                ;1734570;10199271,6;Argentina                               
2021;7;NÃO INFORMADO                           ;9999999                       ;NI;CEASA/RS - PORTO ALEGRE                 ;RS;PORTO ALEGRE-RS                         ;4314902                       ;ALHO IMPORTADO                ;48684;887362,0;Argentina                               
2021;7;NÃO INFORMADO                           ;9999999                       ;NI;CEAGESP - SAO PAULO                     ;SP;SÃO PAULO-SP                            ;3550308                       ;ATUM                          ;1059;18839,61;Espanha                                 
2021;7;NÃO INFORMADO                           ;9999999                       ;NI;CEAGESP - SAO PAULO                     ;SP;SÃO PAULO-SP                            ;3550308                       ;PIMENTAO VERMELHO             ;22957;219928,06;Argentina                               
2021;7;NÃO INFORMADO                           ;9999999                       ;NI;CEAGESP - SAO PAULO                     ;SP;SÃO PAULO-SP                            ;3550308                       ;MERLUZA                       ;3660;73200,0;Argentina                               
2021;7;NÃO INFORMADO                           ;9999999                       ;NI;CEAGESP - SAO PAULO                     ;SP;SÃO PAULO-SP                            ;3550308                       ;MACA RED DELICIOUS            ;405560;3082256,0;Argentina                               
2021;7;NÃO INFORMADO                           ;9999999                       ;NI;CEASA/SP - CAMPINAS                     ;SP;CAMPINAS-SP                             ;3509502                       ;ALHO IMPORTADO                ;44000;725907,6;Argentina                               
2021;7;NÃO INFORMADO                           ;9999999                       ;NI;CEAGESP - SAO PAULO                     ;SP;SÃO PAULO-SP                            ;3550308                       ;MACA GALA                     ;920;6900,0;Argentina                               
2021;7;NÃO INFORMADO                           ;9999999                       ;NI;CEAGESP - SAO PAULO                     ;SP;SÃO PAULO-SP                            ;3550308                       ;MACA GRAND SMITH              ;22400;159488,0;Argentina                               
2021;7;NÃO INFORMADO                           ;9999999                       ;NI;CEAGESP - SAO PAULO                     ;SP;SÃO PAULO-SP                            ;3550308                       ;KIWI IMPORTADO                ;14472;266140,08;Argentina                               
2021;7;NÃO INFORMADO                           ;9999999                       ;NI;CEAGESP - SAO PAULO                     ;SP;SÃO PAULO-SP                            ;3550308                       ;LARANJA IMPORTADA             ;44790;211856,7;Argentina                               
2021;7;NÃO INFORMADO                           ;9999999                       ;NI;CEAGESP - SAO PAULO                     ;SP;SÃO PAULO-SP                            ;3550308                       ;AMEIXA                        ;1000;15000,0;Argentina                               
2021;7;NÃO INFORMADO                           ;9999999                       ;NI;CEAGESP - SAO PAULO                     ;SP;SÃO PAULO-SP                            ;3550308                       ;ALHO IMPORTADO                ;107640;1664114,4;Argentina                               
2021;7;NÃO INFORMADO                           ;9999999                       ;NI;CEAGESP - SAO PAULO                     ;SP;SÃO PAULO-SP                            ;3550308                       ;ENDIVIA                       ;7830;93960,0;Argentina                               
2021;7;NÃO INFORMADO                           ;9999999                       ;NI;CEAGESP - SAO PAULO                     ;SP;SÃO PAULO-SP                            ;3550308                       ;PESSEGO IMPORTADO             ;303328;3809799,68;Espanha                                 
2021;7;NÃO INFORMADO                           ;9999999                       ;NI;CEASAMINAS - BELO HORIZONTE             ;MG;CONTAGEM-MG                             ;3118601                       ;PERA IMPORTADA                ;69930;520816,94;Argentina                               
2021;7;NÃO INFORMADO                           ;9999999                       ;NI;CEASAMINAS - BELO HORIZONTE             ;MG;CONTAGEM-MG                             ;3118601                       ;MACA IMPORTADA                ;18412;134388,22;Argentina                               
2021;7;NÃO INFORMADO                           ;9999999                       ;NI;CEASAMINAS - BELO HORIZONTE             ;MG;CONTAGEM-MG                             ;3118601                       ;ALHO IMPORTADO                ;27990;374856,08;Argentina                               
2021;7;NÃO INFORMADO                           ;9999999                       ;NI;CEAGESP - SAO PAULO                     ;SP;SÃO PAULO-SP                            ;3550308                       ;NECTARINA IMPORTADA           ;405960;4668540,0;Espanha                                 
2021;7;NÃO INFORMADO                           ;9999999                       ;NI;CEASA/ES - VITORIA                      ;ES;CARIACICA-ES                            ;3201308                       ;MACA IMPORTADA                ;7600;60018,72;Argentina                               
2021;7;NÃO INFORMADO                           ;9999999                       ;NI;CEASA/ES - VITORIA                      ;ES;CARIACICA-ES                            ;3201308                       ;CEBOLA IMPORTADA              ;165800;497400,0;Argentina                               
2021;7;NÃO INFORMADO                           ;9999999                       ;NI;CEASA/SP - CAMPINAS                     ;SP;CAMPINAS-SP                             ;3509502                       ;PERA IMPORTADA                ;25011;220496,98;Argentina                               
2021;7;NÃO INFORMADO                           ;9999999                       ;NI;CEASA/SP - CAMPINAS                     ;SP;CAMPINAS-SP                             ;3509502                       ;PERA IMPORTADA                ;39480;344648,56;Argentina                               
2021;7;NÃO INFORMADO                           ;9999999                       ;NI;CEASA/RS - PORTO ALEGRE                 ;RS;PORTO ALEGRE-RS                         ;4314902                       ;LIMAO IMPORTADO               ;15;79,95;Uruguai                                 
2021;7;NÃO INFORMADO                           ;9999999                       ;NI;CEASA/PR - CURITIBA                     ;PR;CURITIBA-PR                             ;4106902                       ;KIWI IMPORTADO                ;8690;130600,0;Chile                                   
2021;7;NÃO INFORMADO                           ;9999999                       ;NI;CEASA/PR - CURITIBA                     ;PR;CURITIBA-PR                             ;4106902                       ;LARANJA IMPORTADA             ;300;2250,0;Chile                                   
2021;7;NÃO INFORMADO                           ;9999999                       ;NI;CEASA/PR - CURITIBA                     ;PR;CURITIBA-PR                             ;4106902                       ;AMEIXA IMPORT                 ;33740;365970,0;Espanha                                 
2021;7;NÃO INFORMADO                           ;9999999                       ;NI;CEASA/PR - CURITIBA                     ;PR;CURITIBA-PR                             ;4106902                       ;MACA RED DELICIOUS            ;589;4030,0;Espanha                                 
2021;7;NÃO INFORMADO                           ;9999999                       ;NI;CEASA/SP - CAMPINAS                     ;SP;CAMPINAS-SP                             ;3509502                       ;ALHO IMPORTADO                ;26500;436563,65;China                                   
2021;7;NÃO INFORMADO                           ;9999999                       ;NI;CEAGESP - SAO PAULO                     ;SP;SÃO PAULO-SP                            ;3550308                       ;MACA RED DELICIOUS            ;22580;171608,0;Uruguai                                 
2021;7;NÃO INFORMADO                           ;9999999                       ;NI;CEASA/RS - PORTO ALEGRE                 ;RS;PORTO ALEGRE-RS                         ;4314902                       ;UVA FINA MESA                 ;1020;8925,0;Uruguai                                 
2021;7;NÃO INFORMADO                           ;9999999                       ;NI;CEASA/RS - PORTO ALEGRE                 ;RS;PORTO ALEGRE-RS                         ;4314902                       ;LARANJA IMPORTADA             ;11662;65233,37;Uruguai                                 
2021;7;NÃO INFORMADO                           ;9999999                       ;NI;CEASA/PR - CURITIBA                     ;PR;CURITIBA-PR                             ;4106902                       ;TAMARA                        ;25;900,0;Chile                                   
2021;7;NÃO INFORMADO                           ;9999999                       ;NI;CEASA/PR - CURITIBA                     ;PR;CURITIBA-PR                             ;4106902                       ;PERA WILLIAMS                 ;1040;5980,0;Chile                                   
2021;7;NÃO INFORMADO                           ;9999999                       ;NI;CEASA/SP - CAMPINAS                     ;SP;CAMPINAS-SP                             ;3509502                       ;ALHO IMPORTADO                ;24000;395949,6;China                                   
2021;7;NÃO INFORMADO                           ;9999999                       ;NI;CEASA/SP - CAMPINAS                     ;SP;CAMPINAS-SP                             ;3509502                       ;ALHO IMPORTADO                ;15000;246222,0;China                                   
2021;7;NÃO INFORMADO                           ;9999999                       ;NI;CEASA/PR - CURITIBA                     ;PR;CURITIBA-PR                             ;4106902                       ;UVA IMPORTADA                 ;2070;20700,0;Espanha                                 
2021;7;NÃO INFORMADO                           ;9999999                       ;NI;CEASA/PR - CURITIBA                     ;PR;CURITIBA-PR                             ;4106902                       ;LIMAO IMPORTADO               ;16380;81900,0;Espanha                                 
2021;7;NÃO INFORMADO                           ;9999999                       ;NI;CEAGESP - SAO PAULO                     ;SP;SÃO PAULO-SP                            ;3550308                       ;MERLUZA                       ;23992;479840,0;Uruguai                                 
2021;7;NÃO INFORMADO                           ;9999999                       ;NI;CEAGESP - SAO PAULO                     ;SP;SÃO PAULO-SP                            ;3550308                       ;NECTARINA IMPORTADA           ;8510;97865,0;Uruguai                                 
2021;7;NÃO INFORMADO                           ;9999999                       ;NI;CEAGESP - SAO PAULO                     ;SP;SÃO PAULO-SP                            ;3550308                       ;PESSEGO IMPORTADO             ;17700;222312,0;Uruguai                                 
2021;7;NÃO INFORMADO                           ;9999999                       ;NI;CEASA/SP - CAMPINAS                     ;SP;CAMPINAS-SP                             ;3509502                       ;ALHO IMPORTADO                ;25000;411852,5;Espanha                                 
2021;7;NÃO INFORMADO                           ;9999999                       ;NI;CEASA/PR - CURITIBA                     ;PR;CURITIBA-PR                             ;4106902                       ;UVA IMPORTADA                 ;2160;21600,0;Itália                                  
2021;7;NÃO INFORMADO                           ;9999999                       ;NI;CEASA/PR - CURITIBA                     ;PR;CURITIBA-PR                             ;4106902                       ;KIWI IMPORTADO                ;12610;190690,0;Itália                                  
2021;7;NÃO INFORMADO                           ;9999999                       ;NI;CEASA/PR - CURITIBA                     ;PR;CURITIBA-PR                             ;4106902                       ;TAMARA                        ;40;1440,0;Espanha                                 
2021;7;NÃO INFORMADO                           ;9999999                       ;NI;CEASA/PR - CURITIBA                     ;PR;CURITIBA-PR                             ;4106902                       ;LIMAO IMPORTADO               ;200;1000,0;Chile                                   
2021;7;NÃO INFORMADO                           ;9999999                       ;NI;CEASA/PR - CURITIBA                     ;PR;CURITIBA-PR                             ;4106902                       ;MACA RED DELICIOUS            ;1729;11830,0;Chile                                   
2021;7;NÃO INFORMADO                           ;9999999                       ;NI;CEASA/PR - CURITIBA                     ;PR;CURITIBA-PR                             ;4106902                       ;ALHO IMPORTADO                ;12000;192000,0;China                                   
2021;7;NÃO INFORMADO                           ;9999999                       ;NI;CEASA/RS - PORTO ALEGRE                 ;RS;PORTO ALEGRE-RS                         ;4314902                       ;MACA GRAND SMITH              ;6520;51667,53;Espanha                                 
2021;7;NÃO INFORMADO                           ;9999999                       ;NI;CEASA/RS - PORTO ALEGRE                 ;RS;PORTO ALEGRE-RS                         ;4314902                       ;AMEIXA IMPORT                 ;26467;351056,86;Espanha                                 
2021;7;NÃO INFORMADO                           ;9999999                       ;NI;CEASA/RS - PORTO ALEGRE                 ;RS;PORTO ALEGRE-RS                         ;4314902                       ;ALHO IMPORTADO                ;530;9010,0;Espanha                                 
2021;7;NÃO INFORMADO                           ;9999999                       ;NI;CEAGESP - SAO PAULO                     ;SP;SÃO PAULO-SP                            ;3550308                       ;PERA IMPORTADA                ;74240;436531,2;Uruguai                                 
2021;7;NÃO INFORMADO                           ;9999999                       ;NI;CEASA/PR - CURITIBA                     ;PR;CURITIBA-PR                             ;4106902                       ;NECTARINA IMPORTADA           ;90;1000,0;Chile                                   
2021;7;NÃO INFORMADO                           ;9999999                       ;NI;CEAGESP - SAO PAULO                     ;SP;SÃO PAULO-SP                            ;3550308                       ;MACA GALA                     ;11180;83850,0;Chile                                   
2021;7;NÃO INFORMADO                           ;9999999                       ;NI;CEAGESP - SAO PAULO                     ;SP;SÃO PAULO-SP                            ;3550308                       ;TANGERINA IMP                 ;159360;878073,6;Uruguai                                 
2021;7;NÃO INFORMADO                           ;9999999                       ;NI;CEAGESP - SAO PAULO                     ;SP;SÃO PAULO-SP                            ;3550308                       ;UVA IMPORTADA                 ;12712;135001,44;Chile                                   
2021;7;NÃO INFORMADO                           ;9999999                       ;NI;CEAGESP - SAO PAULO                     ;SP;SÃO PAULO-SP                            ;3550308                       ;MACA RED DELICIOUS            ;65620;498712,0;Chile                                   
2021;7;NÃO INFORMADO                           ;9999999                       ;NI;CEASA/RS - PORTO ALEGRE                 ;RS;PORTO ALEGRE-RS                         ;4314902                       ;PESSEGO IMPORTADO             ;9169;64880,0;Espanha                                 
2021;7;NÃO INFORMADO                  
